,valuation_date,code,weight,status,organization
0,2024-11-22,000010.SZ,0.00029,1,zz2000
1,2024-11-22,000011.SZ,0.00042,1,zz2000
2,2024-11-22,000014.SZ,0.00041,1,zz2000
3,2024-11-22,000026.SZ,0.00046,1,zz2000
4,2024-11-22,000036.SZ,0.00108,1,zz2000
5,2024-11-22,000037.SZ,0.00037,1,zz2000
6,2024-11-22,000042.SZ,0.00034,1,zz2000
7,2024-11-22,000045.SZ,0.00061,1,zz2000
8,2024-11-22,000055.SZ,0.00043,1,zz2000
9,2024-11-22,000068.SZ,0.0005099999999999999,1,zz2000
10,2024-11-22,000078.SZ,0.00089,1,zz2000
11,2024-11-22,000096.SZ,0.00062,1,zz2000
12,2024-11-22,000099.SZ,0.0027800000000000004,1,zz2000
13,2024-11-22,000151.SZ,0.00055,1,zz2000
14,2024-11-22,000153.SZ,0.00046,1,zz2000
15,2024-11-22,000159.SZ,0.00055,1,zz2000
16,2024-11-22,000404.SZ,0.00073,1,zz2000
17,2024-11-22,000407.SZ,0.00043999999999999996,1,zz2000
18,2024-11-22,000409.SZ,0.0007599999999999999,1,zz2000
19,2024-11-22,000411.SZ,0.00033,1,zz2000
20,2024-11-22,000417.SZ,0.0005600000000000001,1,zz2000
21,2024-11-22,000419.SZ,0.00033,1,zz2000
22,2024-11-22,000421.SZ,0.00032,1,zz2000
23,2024-11-22,000428.SZ,0.00034,1,zz2000
24,2024-11-22,000501.SZ,0.00075,1,zz2000
25,2024-11-22,000505.SZ,0.00041,1,zz2000
26,2024-11-22,000507.SZ,0.00062,1,zz2000
27,2024-11-22,000509.SZ,0.00043999999999999996,1,zz2000
28,2024-11-22,000510.SZ,0.00043,1,zz2000
29,2024-11-22,000514.SZ,0.00032,1,zz2000
30,2024-11-22,000518.SZ,0.00055,1,zz2000
31,2024-11-22,000520.SZ,0.0008799999999999999,1,zz2000
32,2024-11-22,000521.SZ,0.00121,1,zz2000
33,2024-11-22,000523.SZ,0.00082,1,zz2000
34,2024-11-22,000524.SZ,0.0004,1,zz2000
35,2024-11-22,000526.SZ,0.00089,1,zz2000
36,2024-11-22,000529.SZ,0.00033,1,zz2000
37,2024-11-22,000530.SZ,0.00043,1,zz2000
38,2024-11-22,000531.SZ,0.00045,1,zz2000
39,2024-11-22,000532.SZ,0.0005899999999999999,1,zz2000
40,2024-11-22,000533.SZ,0.00037999999999999997,1,zz2000
41,2024-11-22,000534.SZ,0.00057,1,zz2000
42,2024-11-22,000541.SZ,0.00068,1,zz2000
43,2024-11-22,000544.SZ,0.0005099999999999999,1,zz2000
44,2024-11-22,000548.SZ,0.00034,1,zz2000
45,2024-11-22,000551.SZ,0.0007599999999999999,1,zz2000
46,2024-11-22,000554.SZ,0.00046,1,zz2000
47,2024-11-22,000558.SZ,0.00055,1,zz2000
48,2024-11-22,000561.SZ,0.00077,1,zz2000
49,2024-11-22,000570.SZ,0.00034,1,zz2000
50,2024-11-22,000576.SZ,0.00035999999999999997,1,zz2000
51,2024-11-22,000589.SZ,0.0011899999999999999,1,zz2000
52,2024-11-22,000592.SZ,0.00097,1,zz2000
53,2024-11-22,000593.SZ,0.00024,1,zz2000
54,2024-11-22,000607.SZ,0.00037999999999999997,1,zz2000
55,2024-11-22,000610.SZ,0.00047,1,zz2000
56,2024-11-22,000612.SZ,0.0012,1,zz2000
57,2024-11-22,000631.SZ,0.00055,1,zz2000
58,2024-11-22,000633.SZ,0.00031,1,zz2000
59,2024-11-22,000635.SZ,0.00026,1,zz2000
60,2024-11-22,000652.SZ,0.00097,1,zz2000
61,2024-11-22,000655.SZ,0.00037,1,zz2000
62,2024-11-22,000659.SZ,0.0006900000000000001,1,zz2000
63,2024-11-22,000663.SZ,0.00027,1,zz2000
64,2024-11-22,000670.SZ,0.0011899999999999999,1,zz2000
65,2024-11-22,000677.SZ,0.0008,1,zz2000
66,2024-11-22,000680.SZ,0.00156,1,zz2000
67,2024-11-22,000698.SZ,0.00033,1,zz2000
68,2024-11-22,000700.SZ,0.0008799999999999999,1,zz2000
69,2024-11-22,000701.SZ,0.00042,1,zz2000
70,2024-11-22,000705.SZ,0.00042,1,zz2000
71,2024-11-22,000707.SZ,0.00055,1,zz2000
72,2024-11-22,000713.SZ,0.0007099999999999999,1,zz2000
73,2024-11-22,000715.SZ,0.00027,1,zz2000
74,2024-11-22,000716.SZ,0.00045,1,zz2000
75,2024-11-22,000717.SZ,0.0007199999999999999,1,zz2000
76,2024-11-22,000721.SZ,0.0006,1,zz2000
77,2024-11-22,000722.SZ,0.00037999999999999997,1,zz2000
78,2024-11-22,000731.SZ,0.0008100000000000001,1,zz2000
79,2024-11-22,000751.SZ,0.00066,1,zz2000
80,2024-11-22,000753.SZ,0.00043,1,zz2000
81,2024-11-22,000755.SZ,0.00041,1,zz2000
82,2024-11-22,000757.SZ,0.00027,1,zz2000
83,2024-11-22,000759.SZ,0.00033,1,zz2000
84,2024-11-22,000777.SZ,0.0011,1,zz2000
85,2024-11-22,000779.SZ,0.00031,1,zz2000
86,2024-11-22,000782.SZ,0.00039,1,zz2000
87,2024-11-22,000788.SZ,0.00052,1,zz2000
88,2024-11-22,000789.SZ,0.0005,1,zz2000
89,2024-11-22,000790.SZ,0.0005600000000000001,1,zz2000
90,2024-11-22,000793.SZ,0.00107,1,zz2000
91,2024-11-22,000797.SZ,0.00047,1,zz2000
92,2024-11-22,000798.SZ,0.00026,1,zz2000
93,2024-11-22,000803.SZ,0.00028000000000000003,1,zz2000
94,2024-11-22,000812.SZ,0.00068,1,zz2000
95,2024-11-22,000815.SZ,0.00097,1,zz2000
96,2024-11-22,000816.SZ,0.0005899999999999999,1,zz2000
97,2024-11-22,000819.SZ,0.0007099999999999999,1,zz2000
98,2024-11-22,000822.SZ,0.0005899999999999999,1,zz2000
99,2024-11-22,000823.SZ,0.00073,1,zz2000
100,2024-11-22,000833.SZ,0.00046,1,zz2000
101,2024-11-22,000838.SZ,0.00043999999999999996,1,zz2000
102,2024-11-22,000850.SZ,0.00048,1,zz2000
103,2024-11-22,000852.SZ,0.00053,1,zz2000
104,2024-11-22,000859.SZ,0.0008100000000000001,1,zz2000
105,2024-11-22,000862.SZ,0.0006,1,zz2000
106,2024-11-22,000863.SZ,0.00054,1,zz2000
107,2024-11-22,000880.SZ,0.00034,1,zz2000
108,2024-11-22,000882.SZ,0.00067,1,zz2000
109,2024-11-22,000886.SZ,0.00091,1,zz2000
110,2024-11-22,000888.SZ,0.00095,1,zz2000
111,2024-11-22,000892.SZ,0.00037,1,zz2000
112,2024-11-22,000897.SZ,0.00064,1,zz2000
113,2024-11-22,000899.SZ,0.0005,1,zz2000
114,2024-11-22,000900.SZ,0.00073,1,zz2000
115,2024-11-22,000905.SZ,0.00047,1,zz2000
116,2024-11-22,000906.SZ,0.0005,1,zz2000
117,2024-11-22,000910.SZ,0.00046,1,zz2000
118,2024-11-22,000911.SZ,0.00028000000000000003,1,zz2000
119,2024-11-22,000912.SZ,0.00105,1,zz2000
120,2024-11-22,000919.SZ,0.0004,1,zz2000
121,2024-11-22,000920.SZ,0.00041,1,zz2000
122,2024-11-22,000922.SZ,0.0009299999999999999,1,zz2000
123,2024-11-22,000925.SZ,0.0009299999999999999,1,zz2000
124,2024-11-22,000926.SZ,0.00049,1,zz2000
125,2024-11-22,000931.SZ,0.00054,1,zz2000
126,2024-11-22,000936.SZ,0.00095,1,zz2000
127,2024-11-22,000948.SZ,0.0012,1,zz2000
128,2024-11-22,000949.SZ,0.0008500000000000001,1,zz2000
129,2024-11-22,000952.SZ,0.00032,1,zz2000
130,2024-11-22,000955.SZ,0.00035999999999999997,1,zz2000
131,2024-11-22,000957.SZ,0.00091,1,zz2000
132,2024-11-22,000962.SZ,0.00066,1,zz2000
133,2024-11-22,000965.SZ,0.00035999999999999997,1,zz2000
134,2024-11-22,000973.SZ,0.0008500000000000001,1,zz2000
135,2024-11-22,000978.SZ,0.00035000000000000005,1,zz2000
136,2024-11-22,000993.SZ,0.00041,1,zz2000
137,2024-11-22,001201.SZ,0.00024,1,zz2000
138,2024-11-22,001205.SZ,0.00053,1,zz2000
139,2024-11-22,001207.SZ,0.00039,1,zz2000
140,2024-11-22,001208.SZ,0.00037999999999999997,1,zz2000
141,2024-11-22,001212.SZ,0.00025,1,zz2000
142,2024-11-22,001215.SZ,0.00029,1,zz2000
143,2024-11-22,001216.SZ,0.00018999999999999998,1,zz2000
144,2024-11-22,001217.SZ,0.00025,1,zz2000
145,2024-11-22,001219.SZ,0.0003,1,zz2000
146,2024-11-22,001223.SZ,0.00015,1,zz2000
147,2024-11-22,001228.SZ,0.00025,1,zz2000
148,2024-11-22,001229.SZ,0.00015,1,zz2000
149,2024-11-22,001234.SZ,0.00010999999999999999,1,zz2000
150,2024-11-22,001238.SZ,0.00017,1,zz2000
151,2024-11-22,001239.SZ,0.00016,1,zz2000
152,2024-11-22,001255.SZ,0.00010999999999999999,1,zz2000
153,2024-11-22,001266.SZ,0.00017,1,zz2000
154,2024-11-22,001267.SZ,0.00058,1,zz2000
155,2024-11-22,001268.SZ,0.00015,1,zz2000
156,2024-11-22,001282.SZ,0.00017999999999999998,1,zz2000
157,2024-11-22,001283.SZ,0.0005099999999999999,1,zz2000
158,2024-11-22,001288.SZ,0.00034,1,zz2000
159,2024-11-22,001298.SZ,0.00048,1,zz2000
160,2024-11-22,001299.SZ,0.00014000000000000001,1,zz2000
161,2024-11-22,001300.SZ,0.00017999999999999998,1,zz2000
162,2024-11-22,001306.SZ,0.00017999999999999998,1,zz2000
163,2024-11-22,001313.SZ,0.00039,1,zz2000
164,2024-11-22,001314.SZ,0.00046,1,zz2000
165,2024-11-22,001316.SZ,0.00015,1,zz2000
166,2024-11-22,001317.SZ,0.00017,1,zz2000
167,2024-11-22,001318.SZ,0.00017999999999999998,1,zz2000
168,2024-11-22,001319.SZ,0.00024,1,zz2000
169,2024-11-22,001324.SZ,0.00013,1,zz2000
170,2024-11-22,001326.SZ,0.00015,1,zz2000
171,2024-11-22,001328.SZ,0.0003,1,zz2000
172,2024-11-22,001331.SZ,0.00013,1,zz2000
173,2024-11-22,001339.SZ,0.00054,1,zz2000
174,2024-11-22,001358.SZ,0.00016,1,zz2000
175,2024-11-22,001360.SZ,0.00017,1,zz2000
176,2024-11-22,001367.SZ,0.00017999999999999998,1,zz2000
177,2024-11-22,001378.SZ,0.00017,1,zz2000
178,2024-11-22,001379.SZ,0.0003,1,zz2000
179,2024-11-22,001380.SZ,0.00025,1,zz2000
180,2024-11-22,001387.SZ,0.00015,1,zz2000
181,2024-11-22,001896.SZ,0.0005099999999999999,1,zz2000
182,2024-11-22,002009.SZ,0.0006900000000000001,1,zz2000
183,2024-11-22,002012.SZ,0.00037,1,zz2000
184,2024-11-22,002014.SZ,0.00049,1,zz2000
185,2024-11-22,002017.SZ,0.00077,1,zz2000
186,2024-11-22,002022.SZ,0.00065,1,zz2000
187,2024-11-22,002026.SZ,0.0005600000000000001,1,zz2000
188,2024-11-22,002029.SZ,0.00049,1,zz2000
189,2024-11-22,002031.SZ,0.00156,1,zz2000
190,2024-11-22,002033.SZ,0.0005600000000000001,1,zz2000
191,2024-11-22,002035.SZ,0.00104,1,zz2000
192,2024-11-22,002037.SZ,0.0005,1,zz2000
193,2024-11-22,002039.SZ,0.00089,1,zz2000
194,2024-11-22,002040.SZ,0.00024,1,zz2000
195,2024-11-22,002042.SZ,0.00078,1,zz2000
196,2024-11-22,002045.SZ,0.0008799999999999999,1,zz2000
197,2024-11-22,002046.SZ,0.0005899999999999999,1,zz2000
198,2024-11-22,002047.SZ,0.00058,1,zz2000
199,2024-11-22,002055.SZ,0.0007099999999999999,1,zz2000
200,2024-11-22,002057.SZ,0.00078,1,zz2000
201,2024-11-22,002059.SZ,0.00043999999999999996,1,zz2000
202,2024-11-22,002062.SZ,0.00043999999999999996,1,zz2000
203,2024-11-22,002066.SZ,0.00031,1,zz2000
204,2024-11-22,002067.SZ,0.00075,1,zz2000
205,2024-11-22,002069.SZ,0.00031,1,zz2000
206,2024-11-22,002073.SZ,0.00155,1,zz2000
207,2024-11-22,002082.SZ,0.00034,1,zz2000
208,2024-11-22,002083.SZ,0.00047,1,zz2000
209,2024-11-22,002084.SZ,0.00027,1,zz2000
210,2024-11-22,002090.SZ,0.00054,1,zz2000
211,2024-11-22,002093.SZ,0.00082,1,zz2000
212,2024-11-22,002094.SZ,0.00101,1,zz2000
213,2024-11-22,002095.SZ,0.00043999999999999996,1,zz2000
214,2024-11-22,002102.SZ,0.00111,1,zz2000
215,2024-11-22,002103.SZ,0.00037999999999999997,1,zz2000
216,2024-11-22,002104.SZ,0.00078,1,zz2000
217,2024-11-22,002106.SZ,0.00125,1,zz2000
218,2024-11-22,002107.SZ,0.00028000000000000003,1,zz2000
219,2024-11-22,002111.SZ,0.00074,1,zz2000
220,2024-11-22,002112.SZ,0.00057,1,zz2000
221,2024-11-22,002115.SZ,0.00086,1,zz2000
222,2024-11-22,002116.SZ,0.00062,1,zz2000
223,2024-11-22,002117.SZ,0.0007000000000000001,1,zz2000
224,2024-11-22,002119.SZ,0.00079,1,zz2000
225,2024-11-22,002122.SZ,0.00083,1,zz2000
226,2024-11-22,002132.SZ,0.00062,1,zz2000
227,2024-11-22,002133.SZ,0.00028000000000000003,1,zz2000
228,2024-11-22,002136.SZ,0.0003,1,zz2000
229,2024-11-22,002137.SZ,0.00042,1,zz2000
230,2024-11-22,002140.SZ,0.00047,1,zz2000
231,2024-11-22,002146.SZ,0.00091,1,zz2000
232,2024-11-22,002148.SZ,0.00052,1,zz2000
233,2024-11-22,002149.SZ,0.0011200000000000001,1,zz2000
234,2024-11-22,002150.SZ,0.00063,1,zz2000
235,2024-11-22,002160.SZ,0.00046,1,zz2000
236,2024-11-22,002161.SZ,0.00066,1,zz2000
237,2024-11-22,002162.SZ,0.00032,1,zz2000
238,2024-11-22,002164.SZ,0.00032,1,zz2000
239,2024-11-22,002165.SZ,0.00045,1,zz2000
240,2024-11-22,002166.SZ,0.0007000000000000001,1,zz2000
241,2024-11-22,002167.SZ,0.00082,1,zz2000
242,2024-11-22,002169.SZ,0.00097,1,zz2000
243,2024-11-22,002170.SZ,0.0011200000000000001,1,zz2000
244,2024-11-22,002172.SZ,0.00032,1,zz2000
245,2024-11-22,002175.SZ,0.0007000000000000001,1,zz2000
246,2024-11-22,002177.SZ,0.0007000000000000001,1,zz2000
247,2024-11-22,002178.SZ,0.0007099999999999999,1,zz2000
248,2024-11-22,002181.SZ,0.00039,1,zz2000
249,2024-11-22,002184.SZ,0.00041,1,zz2000
250,2024-11-22,002186.SZ,0.00035999999999999997,1,zz2000
251,2024-11-22,002187.SZ,0.00029,1,zz2000
252,2024-11-22,002189.SZ,0.0008,1,zz2000
253,2024-11-22,002196.SZ,0.0005099999999999999,1,zz2000
254,2024-11-22,002198.SZ,0.0006,1,zz2000
255,2024-11-22,002206.SZ,0.00067,1,zz2000
256,2024-11-22,002208.SZ,0.00064,1,zz2000
257,2024-11-22,002210.SZ,0.00094,1,zz2000
258,2024-11-22,002213.SZ,0.00039,1,zz2000
259,2024-11-22,002218.SZ,0.00073,1,zz2000
260,2024-11-22,002224.SZ,0.00049,1,zz2000
261,2024-11-22,002225.SZ,0.00054,1,zz2000
262,2024-11-22,002227.SZ,0.00021999999999999998,1,zz2000
263,2024-11-22,002231.SZ,0.00034,1,zz2000
264,2024-11-22,002232.SZ,0.00086,1,zz2000
265,2024-11-22,002235.SZ,0.00052,1,zz2000
266,2024-11-22,002238.SZ,0.00058,1,zz2000
267,2024-11-22,002246.SZ,0.00074,1,zz2000
268,2024-11-22,002248.SZ,0.00068,1,zz2000
269,2024-11-22,002253.SZ,0.0008500000000000001,1,zz2000
270,2024-11-22,002255.SZ,0.00074,1,zz2000
271,2024-11-22,002263.SZ,0.00073,1,zz2000
272,2024-11-22,002264.SZ,0.00047,1,zz2000
273,2024-11-22,002269.SZ,0.00055,1,zz2000
274,2024-11-22,002272.SZ,0.00109,1,zz2000
275,2024-11-22,002277.SZ,0.00055,1,zz2000
276,2024-11-22,002279.SZ,0.0008799999999999999,1,zz2000
277,2024-11-22,002282.SZ,0.0005099999999999999,1,zz2000
278,2024-11-22,002284.SZ,0.0007000000000000001,1,zz2000
279,2024-11-22,002285.SZ,0.00061,1,zz2000
280,2024-11-22,002286.SZ,0.0004,1,zz2000
281,2024-11-22,002290.SZ,0.00043999999999999996,1,zz2000
282,2024-11-22,002293.SZ,0.00058,1,zz2000
283,2024-11-22,002296.SZ,0.00067,1,zz2000
284,2024-11-22,002297.SZ,0.00054,1,zz2000
285,2024-11-22,002298.SZ,0.00073,1,zz2000
286,2024-11-22,002300.SZ,0.00037999999999999997,1,zz2000
287,2024-11-22,002301.SZ,0.0005,1,zz2000
288,2024-11-22,002303.SZ,0.00049,1,zz2000
289,2024-11-22,002305.SZ,0.00043,1,zz2000
290,2024-11-22,002306.SZ,0.00042,1,zz2000
291,2024-11-22,002319.SZ,0.00039,1,zz2000
292,2024-11-22,002322.SZ,0.0007099999999999999,1,zz2000
293,2024-11-22,002323.SZ,0.00055,1,zz2000
294,2024-11-22,002327.SZ,0.00068,1,zz2000
295,2024-11-22,002328.SZ,0.00062,1,zz2000
296,2024-11-22,002329.SZ,0.00042,1,zz2000
297,2024-11-22,002330.SZ,0.00032,1,zz2000
298,2024-11-22,002331.SZ,0.00052,1,zz2000
299,2024-11-22,002333.SZ,0.00029,1,zz2000
300,2024-11-22,002334.SZ,0.00107,1,zz2000
301,2024-11-22,002337.SZ,0.00037,1,zz2000
302,2024-11-22,002338.SZ,0.0012,1,zz2000
303,2024-11-22,002339.SZ,0.00068,1,zz2000
304,2024-11-22,002342.SZ,0.00052,1,zz2000
305,2024-11-22,002343.SZ,0.0005,1,zz2000
306,2024-11-22,002344.SZ,0.00048,1,zz2000
307,2024-11-22,002345.SZ,0.0005099999999999999,1,zz2000
308,2024-11-22,002348.SZ,0.0004,1,zz2000
309,2024-11-22,002350.SZ,0.00043999999999999996,1,zz2000
310,2024-11-22,002358.SZ,0.00063,1,zz2000
311,2024-11-22,002360.SZ,0.00032,1,zz2000
312,2024-11-22,002361.SZ,0.0006,1,zz2000
313,2024-11-22,002362.SZ,0.00068,1,zz2000
314,2024-11-22,002363.SZ,0.00033,1,zz2000
315,2024-11-22,002364.SZ,0.00048,1,zz2000
316,2024-11-22,002365.SZ,0.00037,1,zz2000
317,2024-11-22,002367.SZ,0.0005899999999999999,1,zz2000
318,2024-11-22,002369.SZ,0.00084,1,zz2000
319,2024-11-22,002374.SZ,0.00057,1,zz2000
320,2024-11-22,002375.SZ,0.0005099999999999999,1,zz2000
321,2024-11-22,002376.SZ,0.00062,1,zz2000
322,2024-11-22,002377.SZ,0.00049,1,zz2000
323,2024-11-22,002379.SZ,0.00127,1,zz2000
324,2024-11-22,002380.SZ,0.00047,1,zz2000
325,2024-11-22,002381.SZ,0.00032,1,zz2000
326,2024-11-22,002386.SZ,0.00079,1,zz2000
327,2024-11-22,002388.SZ,0.00042,1,zz2000
328,2024-11-22,002392.SZ,0.0007099999999999999,1,zz2000
329,2024-11-22,002393.SZ,0.00043,1,zz2000
330,2024-11-22,002394.SZ,0.00028000000000000003,1,zz2000
331,2024-11-22,002395.SZ,0.00033,1,zz2000
332,2024-11-22,002398.SZ,0.00047,1,zz2000
333,2024-11-22,002401.SZ,0.0007199999999999999,1,zz2000
334,2024-11-22,002404.SZ,0.00039,1,zz2000
335,2024-11-22,002406.SZ,0.0008799999999999999,1,zz2000
336,2024-11-22,002412.SZ,0.00035999999999999997,1,zz2000
337,2024-11-22,002418.SZ,0.00043999999999999996,1,zz2000
338,2024-11-22,002419.SZ,0.00058,1,zz2000
339,2024-11-22,002420.SZ,0.0004,1,zz2000
340,2024-11-22,002431.SZ,0.00048,1,zz2000
341,2024-11-22,002437.SZ,0.00105,1,zz2000
342,2024-11-22,002438.SZ,0.0009299999999999999,1,zz2000
343,2024-11-22,002441.SZ,0.0004,1,zz2000
344,2024-11-22,002442.SZ,0.00037999999999999997,1,zz2000
345,2024-11-22,002443.SZ,0.0005,1,zz2000
346,2024-11-22,002445.SZ,0.0008500000000000001,1,zz2000
347,2024-11-22,002448.SZ,0.0005600000000000001,1,zz2000
348,2024-11-22,002449.SZ,0.0008,1,zz2000
349,2024-11-22,002451.SZ,0.00039,1,zz2000
350,2024-11-22,002452.SZ,0.00073,1,zz2000
351,2024-11-22,002454.SZ,0.0005,1,zz2000
352,2024-11-22,002455.SZ,0.00074,1,zz2000
353,2024-11-22,002457.SZ,0.0005600000000000001,1,zz2000
354,2024-11-22,002462.SZ,0.00057,1,zz2000
355,2024-11-22,002469.SZ,0.00055,1,zz2000
356,2024-11-22,002471.SZ,0.0005600000000000001,1,zz2000
357,2024-11-22,002474.SZ,0.0008,1,zz2000
358,2024-11-22,002476.SZ,0.00042,1,zz2000
359,2024-11-22,002478.SZ,0.00063,1,zz2000
360,2024-11-22,002479.SZ,0.00055,1,zz2000
361,2024-11-22,002480.SZ,0.00061,1,zz2000
362,2024-11-22,002481.SZ,0.00075,1,zz2000
363,2024-11-22,002483.SZ,0.00062,1,zz2000
364,2024-11-22,002486.SZ,0.0003,1,zz2000
365,2024-11-22,002491.SZ,0.00074,1,zz2000
366,2024-11-22,002492.SZ,0.00024,1,zz2000
367,2024-11-22,002495.SZ,0.00029,1,zz2000
368,2024-11-22,002510.SZ,0.00084,1,zz2000
369,2024-11-22,002512.SZ,0.0012,1,zz2000
370,2024-11-22,002514.SZ,0.001,1,zz2000
371,2024-11-22,002515.SZ,0.00089,1,zz2000
372,2024-11-22,002519.SZ,0.0008100000000000001,1,zz2000
373,2024-11-22,002520.SZ,0.0005899999999999999,1,zz2000
374,2024-11-22,002521.SZ,0.00075,1,zz2000
375,2024-11-22,002522.SZ,0.00052,1,zz2000
376,2024-11-22,002523.SZ,0.00067,1,zz2000
377,2024-11-22,002524.SZ,0.00031,1,zz2000
378,2024-11-22,002526.SZ,0.00077,1,zz2000
379,2024-11-22,002527.SZ,0.00068,1,zz2000
380,2024-11-22,002529.SZ,0.00052,1,zz2000
381,2024-11-22,002533.SZ,0.00096,1,zz2000
382,2024-11-22,002535.SZ,0.00042,1,zz2000
383,2024-11-22,002536.SZ,0.0006,1,zz2000
384,2024-11-22,002538.SZ,0.00065,1,zz2000
385,2024-11-22,002540.SZ,0.00068,1,zz2000
386,2024-11-22,002543.SZ,0.00054,1,zz2000
387,2024-11-22,002546.SZ,0.00042,1,zz2000
388,2024-11-22,002547.SZ,0.00064,1,zz2000
389,2024-11-22,002548.SZ,0.00047,1,zz2000
390,2024-11-22,002551.SZ,0.00037,1,zz2000
391,2024-11-22,002552.SZ,0.00031,1,zz2000
392,2024-11-22,002553.SZ,0.00048,1,zz2000
393,2024-11-22,002554.SZ,0.00049,1,zz2000
394,2024-11-22,002559.SZ,0.00106,1,zz2000
395,2024-11-22,002560.SZ,0.00052,1,zz2000
396,2024-11-22,002561.SZ,0.0005099999999999999,1,zz2000
397,2024-11-22,002562.SZ,0.0005899999999999999,1,zz2000
398,2024-11-22,002565.SZ,0.0005899999999999999,1,zz2000
399,2024-11-22,002566.SZ,0.00031,1,zz2000
400,2024-11-22,002570.SZ,0.0011899999999999999,1,zz2000
401,2024-11-22,002571.SZ,0.00024,1,zz2000
402,2024-11-22,002573.SZ,0.0005899999999999999,1,zz2000
403,2024-11-22,002574.SZ,0.00025,1,zz2000
404,2024-11-22,002575.SZ,0.00074,1,zz2000
405,2024-11-22,002576.SZ,0.00034,1,zz2000
406,2024-11-22,002577.SZ,0.00043999999999999996,1,zz2000
407,2024-11-22,002578.SZ,0.00034,1,zz2000
408,2024-11-22,002579.SZ,0.00074,1,zz2000
409,2024-11-22,002580.SZ,0.00055,1,zz2000
410,2024-11-22,002584.SZ,0.00061,1,zz2000
411,2024-11-22,002587.SZ,0.00064,1,zz2000
412,2024-11-22,002588.SZ,0.00082,1,zz2000
413,2024-11-22,002589.SZ,0.00063,1,zz2000
414,2024-11-22,002590.SZ,0.00074,1,zz2000
415,2024-11-22,002593.SZ,0.00025,1,zz2000
416,2024-11-22,002598.SZ,0.00032,1,zz2000
417,2024-11-22,002599.SZ,0.00058,1,zz2000
418,2024-11-22,002606.SZ,0.00062,1,zz2000
419,2024-11-22,002609.SZ,0.00074,1,zz2000
420,2024-11-22,002611.SZ,0.00121,1,zz2000
421,2024-11-22,002613.SZ,0.00037,1,zz2000
422,2024-11-22,002614.SZ,0.00052,1,zz2000
423,2024-11-22,002615.SZ,0.0005,1,zz2000
424,2024-11-22,002616.SZ,0.00026,1,zz2000
425,2024-11-22,002622.SZ,0.00037,1,zz2000
426,2024-11-22,002623.SZ,0.00043,1,zz2000
427,2024-11-22,002627.SZ,0.00043999999999999996,1,zz2000
428,2024-11-22,002628.SZ,0.00092,1,zz2000
429,2024-11-22,002630.SZ,0.00084,1,zz2000
430,2024-11-22,002631.SZ,0.00023,1,zz2000
431,2024-11-22,002632.SZ,0.00052,1,zz2000
432,2024-11-22,002634.SZ,0.00027,1,zz2000
433,2024-11-22,002636.SZ,0.00048,1,zz2000
434,2024-11-22,002638.SZ,0.00045,1,zz2000
435,2024-11-22,002639.SZ,0.0007599999999999999,1,zz2000
436,2024-11-22,002640.SZ,0.00095,1,zz2000
437,2024-11-22,002641.SZ,0.00043,1,zz2000
438,2024-11-22,002642.SZ,0.0009299999999999999,1,zz2000
439,2024-11-22,002644.SZ,0.0003,1,zz2000
440,2024-11-22,002654.SZ,0.0022400000000000002,1,zz2000
441,2024-11-22,002655.SZ,0.0010299999999999999,1,zz2000
442,2024-11-22,002658.SZ,0.0004,1,zz2000
443,2024-11-22,002659.SZ,0.00047,1,zz2000
444,2024-11-22,002660.SZ,0.00035999999999999997,1,zz2000
445,2024-11-22,002662.SZ,0.0005899999999999999,1,zz2000
446,2024-11-22,002663.SZ,0.00046,1,zz2000
447,2024-11-22,002664.SZ,0.0007599999999999999,1,zz2000
448,2024-11-22,002666.SZ,0.00032,1,zz2000
449,2024-11-22,002667.SZ,0.00034,1,zz2000
450,2024-11-22,002668.SZ,0.00123,1,zz2000
451,2024-11-22,002669.SZ,0.00043999999999999996,1,zz2000
452,2024-11-22,002671.SZ,0.00031,1,zz2000
453,2024-11-22,002674.SZ,0.00026,1,zz2000
454,2024-11-22,002676.SZ,0.00078,1,zz2000
455,2024-11-22,002677.SZ,0.00035999999999999997,1,zz2000
456,2024-11-22,002679.SZ,0.00016,1,zz2000
457,2024-11-22,002682.SZ,0.00039,1,zz2000
458,2024-11-22,002685.SZ,0.0016,1,zz2000
459,2024-11-22,002686.SZ,0.00042,1,zz2000
460,2024-11-22,002687.SZ,0.00026,1,zz2000
461,2024-11-22,002688.SZ,0.00047,1,zz2000
462,2024-11-22,002689.SZ,0.00033,1,zz2000
463,2024-11-22,002693.SZ,0.0018,1,zz2000
464,2024-11-22,002694.SZ,0.0005,1,zz2000
465,2024-11-22,002695.SZ,0.00032,1,zz2000
466,2024-11-22,002702.SZ,0.00029,1,zz2000
467,2024-11-22,002703.SZ,0.0007599999999999999,1,zz2000
468,2024-11-22,002707.SZ,0.00104,1,zz2000
469,2024-11-22,002708.SZ,0.00073,1,zz2000
470,2024-11-22,002712.SZ,0.0005099999999999999,1,zz2000
471,2024-11-22,002716.SZ,0.0013900000000000002,1,zz2000
472,2024-11-22,002722.SZ,0.00035999999999999997,1,zz2000
473,2024-11-22,002723.SZ,0.00026,1,zz2000
474,2024-11-22,002725.SZ,0.0005,1,zz2000
475,2024-11-22,002728.SZ,0.00053,1,zz2000
476,2024-11-22,002729.SZ,0.00034,1,zz2000
477,2024-11-22,002730.SZ,0.00028000000000000003,1,zz2000
478,2024-11-22,002731.SZ,0.0003,1,zz2000
479,2024-11-22,002732.SZ,0.00024,1,zz2000
480,2024-11-22,002733.SZ,0.00067,1,zz2000
481,2024-11-22,002734.SZ,0.00039,1,zz2000
482,2024-11-22,002735.SZ,0.00033,1,zz2000
483,2024-11-22,002749.SZ,0.00045,1,zz2000
484,2024-11-22,002752.SZ,0.00041,1,zz2000
485,2024-11-22,002757.SZ,0.00046,1,zz2000
486,2024-11-22,002758.SZ,0.00043999999999999996,1,zz2000
487,2024-11-22,002759.SZ,0.00047,1,zz2000
488,2024-11-22,002760.SZ,0.00028000000000000003,1,zz2000
489,2024-11-22,002762.SZ,0.00027,1,zz2000
490,2024-11-22,002763.SZ,0.00021,1,zz2000
491,2024-11-22,002765.SZ,0.00062,1,zz2000
492,2024-11-22,002766.SZ,0.00064,1,zz2000
493,2024-11-22,002768.SZ,0.0006,1,zz2000
494,2024-11-22,002769.SZ,0.0003,1,zz2000
495,2024-11-22,002771.SZ,0.0007000000000000001,1,zz2000
496,2024-11-22,002772.SZ,0.00037,1,zz2000
497,2024-11-22,002779.SZ,0.00057,1,zz2000
498,2024-11-22,002783.SZ,0.00046,1,zz2000
499,2024-11-22,002785.SZ,0.00108,1,zz2000
500,2024-11-22,002786.SZ,0.00078,1,zz2000
501,2024-11-22,002787.SZ,0.00041,1,zz2000
502,2024-11-22,002788.SZ,0.00045,1,zz2000
503,2024-11-22,002790.SZ,0.00026,1,zz2000
504,2024-11-22,002792.SZ,0.0007000000000000001,1,zz2000
505,2024-11-22,002795.SZ,0.0003,1,zz2000
506,2024-11-22,002796.SZ,0.00037,1,zz2000
507,2024-11-22,002799.SZ,0.00031,1,zz2000
508,2024-11-22,002803.SZ,0.00066,1,zz2000
509,2024-11-22,002805.SZ,0.00052,1,zz2000
510,2024-11-22,002813.SZ,0.00027,1,zz2000
511,2024-11-22,002817.SZ,0.00021999999999999998,1,zz2000
512,2024-11-22,002819.SZ,0.0008799999999999999,1,zz2000
513,2024-11-22,002823.SZ,0.00064,1,zz2000
514,2024-11-22,002824.SZ,0.00047,1,zz2000
515,2024-11-22,002825.SZ,0.00031,1,zz2000
516,2024-11-22,002827.SZ,0.00077,1,zz2000
517,2024-11-22,002829.SZ,0.00049,1,zz2000
518,2024-11-22,002833.SZ,0.0006900000000000001,1,zz2000
519,2024-11-22,002835.SZ,0.0003,1,zz2000
520,2024-11-22,002838.SZ,0.00046,1,zz2000
521,2024-11-22,002843.SZ,0.00035999999999999997,1,zz2000
522,2024-11-22,002845.SZ,0.00061,1,zz2000
523,2024-11-22,002846.SZ,0.00025,1,zz2000
524,2024-11-22,002849.SZ,0.00053,1,zz2000
525,2024-11-22,002852.SZ,0.00032,1,zz2000
526,2024-11-22,002853.SZ,0.00017,1,zz2000
527,2024-11-22,002858.SZ,0.00029,1,zz2000
528,2024-11-22,002860.SZ,0.00032,1,zz2000
529,2024-11-22,002863.SZ,0.00031,1,zz2000
530,2024-11-22,002864.SZ,0.00035000000000000005,1,zz2000
531,2024-11-22,002866.SZ,0.00048,1,zz2000
532,2024-11-22,002869.SZ,0.0008500000000000001,1,zz2000
533,2024-11-22,002870.SZ,0.0005,1,zz2000
534,2024-11-22,002873.SZ,0.00035000000000000005,1,zz2000
535,2024-11-22,002875.SZ,0.00046,1,zz2000
536,2024-11-22,002876.SZ,0.00068,1,zz2000
537,2024-11-22,002877.SZ,0.00026,1,zz2000
538,2024-11-22,002878.SZ,0.00025,1,zz2000
539,2024-11-22,002880.SZ,0.00039,1,zz2000
540,2024-11-22,002881.SZ,0.00066,1,zz2000
541,2024-11-22,002882.SZ,0.00043,1,zz2000
542,2024-11-22,002885.SZ,0.00052,1,zz2000
543,2024-11-22,002886.SZ,0.00048,1,zz2000
544,2024-11-22,002887.SZ,0.00017,1,zz2000
545,2024-11-22,002889.SZ,0.0003,1,zz2000
546,2024-11-22,002892.SZ,0.00078,1,zz2000
547,2024-11-22,002896.SZ,0.00053,1,zz2000
548,2024-11-22,002897.SZ,0.0008,1,zz2000
549,2024-11-22,002900.SZ,0.00024,1,zz2000
550,2024-11-22,002902.SZ,0.00073,1,zz2000
551,2024-11-22,002903.SZ,0.00032,1,zz2000
552,2024-11-22,002905.SZ,0.00018999999999999998,1,zz2000
553,2024-11-22,002907.SZ,0.00021999999999999998,1,zz2000
554,2024-11-22,002908.SZ,0.00046,1,zz2000
555,2024-11-22,002909.SZ,0.00023,1,zz2000
556,2024-11-22,002912.SZ,0.00065,1,zz2000
557,2024-11-22,002915.SZ,0.00043,1,zz2000
558,2024-11-22,002917.SZ,0.00037,1,zz2000
559,2024-11-22,002918.SZ,0.00029,1,zz2000
560,2024-11-22,002919.SZ,0.00054,1,zz2000
561,2024-11-22,002922.SZ,0.0009,1,zz2000
562,2024-11-22,002923.SZ,0.00025,1,zz2000
563,2024-11-22,002927.SZ,0.00021,1,zz2000
564,2024-11-22,002933.SZ,0.00041,1,zz2000
565,2024-11-22,002935.SZ,0.0008500000000000001,1,zz2000
566,2024-11-22,002937.SZ,0.0005,1,zz2000
567,2024-11-22,002940.SZ,0.00033,1,zz2000
568,2024-11-22,002943.SZ,0.00052,1,zz2000
569,2024-11-22,002947.SZ,0.0009299999999999999,1,zz2000
570,2024-11-22,002949.SZ,0.00031,1,zz2000
571,2024-11-22,002952.SZ,0.00027,1,zz2000
572,2024-11-22,002953.SZ,0.00037999999999999997,1,zz2000
573,2024-11-22,002955.SZ,0.00055,1,zz2000
574,2024-11-22,002956.SZ,0.00028000000000000003,1,zz2000
575,2024-11-22,002957.SZ,0.00047,1,zz2000
576,2024-11-22,002962.SZ,0.00055,1,zz2000
577,2024-11-22,002965.SZ,0.00067,1,zz2000
578,2024-11-22,002968.SZ,0.00023,1,zz2000
579,2024-11-22,002969.SZ,0.00024,1,zz2000
580,2024-11-22,002970.SZ,0.00061,1,zz2000
581,2024-11-22,002971.SZ,0.0006,1,zz2000
582,2024-11-22,002972.SZ,0.00021,1,zz2000
583,2024-11-22,002975.SZ,0.00031,1,zz2000
584,2024-11-22,002976.SZ,0.00021,1,zz2000
585,2024-11-22,002977.SZ,0.00035000000000000005,1,zz2000
586,2024-11-22,002979.SZ,0.00089,1,zz2000
587,2024-11-22,002980.SZ,0.00021999999999999998,1,zz2000
588,2024-11-22,002981.SZ,0.00017,1,zz2000
589,2024-11-22,002982.SZ,0.00026,1,zz2000
590,2024-11-22,002983.SZ,0.00027,1,zz2000
591,2024-11-22,002988.SZ,0.00039,1,zz2000
592,2024-11-22,002989.SZ,0.00034,1,zz2000
593,2024-11-22,002995.SZ,0.00035000000000000005,1,zz2000
594,2024-11-22,002997.SZ,0.00078,1,zz2000
595,2024-11-22,002999.SZ,0.00028000000000000003,1,zz2000
596,2024-11-22,003000.SZ,0.00054,1,zz2000
597,2024-11-22,003002.SZ,0.00039,1,zz2000
598,2024-11-22,003005.SZ,0.00025,1,zz2000
599,2024-11-22,003007.SZ,0.00024,1,zz2000
600,2024-11-22,003011.SZ,0.00023,1,zz2000
601,2024-11-22,003013.SZ,0.0004,1,zz2000
602,2024-11-22,003015.SZ,0.00061,1,zz2000
603,2024-11-22,003016.SZ,0.00024,1,zz2000
604,2024-11-22,003019.SZ,0.00054,1,zz2000
605,2024-11-22,003020.SZ,0.00034,1,zz2000
606,2024-11-22,003025.SZ,0.00035000000000000005,1,zz2000
607,2024-11-22,003026.SZ,0.00052,1,zz2000
608,2024-11-22,003027.SZ,0.00021,1,zz2000
609,2024-11-22,003028.SZ,0.00021,1,zz2000
610,2024-11-22,003029.SZ,0.00055,1,zz2000
611,2024-11-22,003032.SZ,0.00043,1,zz2000
612,2024-11-22,003033.SZ,0.00017,1,zz2000
613,2024-11-22,003037.SZ,0.00029,1,zz2000
614,2024-11-22,003038.SZ,0.00031,1,zz2000
615,2024-11-22,003042.SZ,0.00018999999999999998,1,zz2000
616,2024-11-22,003043.SZ,0.00033,1,zz2000
617,2024-11-22,300005.SZ,0.00117,1,zz2000
618,2024-11-22,300007.SZ,0.00089,1,zz2000
619,2024-11-22,300008.SZ,0.00153,1,zz2000
620,2024-11-22,300011.SZ,0.00062,1,zz2000
621,2024-11-22,300016.SZ,0.0006,1,zz2000
622,2024-11-22,300018.SZ,0.00049,1,zz2000
623,2024-11-22,300019.SZ,0.00065,1,zz2000
624,2024-11-22,300021.SZ,0.00042,1,zz2000
625,2024-11-22,300025.SZ,0.00091,1,zz2000
626,2024-11-22,300032.SZ,0.00099,1,zz2000
627,2024-11-22,300040.SZ,0.00055,1,zz2000
628,2024-11-22,300041.SZ,0.001,1,zz2000
629,2024-11-22,300042.SZ,0.00064,1,zz2000
630,2024-11-22,300046.SZ,0.00184,1,zz2000
631,2024-11-22,300047.SZ,0.0016200000000000001,1,zz2000
632,2024-11-22,300048.SZ,0.00121,1,zz2000
633,2024-11-22,300052.SZ,0.0011200000000000001,1,zz2000
634,2024-11-22,300053.SZ,0.00185,1,zz2000
635,2024-11-22,300056.SZ,0.00101,1,zz2000
636,2024-11-22,300057.SZ,0.00084,1,zz2000
637,2024-11-22,300061.SZ,0.00203,1,zz2000
638,2024-11-22,300062.SZ,0.00037,1,zz2000
639,2024-11-22,300063.SZ,0.0013800000000000002,1,zz2000
640,2024-11-22,300066.SZ,0.00062,1,zz2000
641,2024-11-22,300071.SZ,0.00061,1,zz2000
642,2024-11-22,300081.SZ,0.00078,1,zz2000
643,2024-11-22,300086.SZ,0.00031,1,zz2000
644,2024-11-22,300092.SZ,0.0004,1,zz2000
645,2024-11-22,300093.SZ,0.00074,1,zz2000
646,2024-11-22,300094.SZ,0.00064,1,zz2000
647,2024-11-22,300095.SZ,0.00046,1,zz2000
648,2024-11-22,300098.SZ,0.00189,1,zz2000
649,2024-11-22,300099.SZ,0.00073,1,zz2000
650,2024-11-22,300100.SZ,0.0008,1,zz2000
651,2024-11-22,300105.SZ,0.00048,1,zz2000
652,2024-11-22,300107.SZ,0.00074,1,zz2000
653,2024-11-22,300110.SZ,0.0006,1,zz2000
654,2024-11-22,300111.SZ,0.00073,1,zz2000
655,2024-11-22,300112.SZ,0.00035000000000000005,1,zz2000
656,2024-11-22,300120.SZ,0.00151,1,zz2000
657,2024-11-22,300121.SZ,0.00067,1,zz2000
658,2024-11-22,300127.SZ,0.00046,1,zz2000
659,2024-11-22,300131.SZ,0.0016300000000000002,1,zz2000
660,2024-11-22,300135.SZ,0.0005600000000000001,1,zz2000
661,2024-11-22,300137.SZ,0.00062,1,zz2000
662,2024-11-22,300138.SZ,0.00067,1,zz2000
663,2024-11-22,300139.SZ,0.00105,1,zz2000
664,2024-11-22,300145.SZ,0.0008799999999999999,1,zz2000
665,2024-11-22,300147.SZ,0.00154,1,zz2000
666,2024-11-22,300148.SZ,0.00055,1,zz2000
667,2024-11-22,300149.SZ,0.00052,1,zz2000
668,2024-11-22,300153.SZ,0.00035000000000000005,1,zz2000
669,2024-11-22,300154.SZ,0.00025,1,zz2000
670,2024-11-22,300160.SZ,0.00053,1,zz2000
671,2024-11-22,300161.SZ,0.0007599999999999999,1,zz2000
672,2024-11-22,300162.SZ,0.00035000000000000005,1,zz2000
673,2024-11-22,300164.SZ,0.0005,1,zz2000
674,2024-11-22,300165.SZ,0.00033,1,zz2000
675,2024-11-22,300172.SZ,0.00052,1,zz2000
676,2024-11-22,300173.SZ,0.00053,1,zz2000
677,2024-11-22,300174.SZ,0.0008799999999999999,1,zz2000
678,2024-11-22,300176.SZ,0.00048,1,zz2000
679,2024-11-22,300179.SZ,0.00048,1,zz2000
680,2024-11-22,300181.SZ,0.00222,1,zz2000
681,2024-11-22,300184.SZ,0.00295,1,zz2000
682,2024-11-22,300189.SZ,0.00065,1,zz2000
683,2024-11-22,300192.SZ,0.0007099999999999999,1,zz2000
684,2024-11-22,300193.SZ,0.0007199999999999999,1,zz2000
685,2024-11-22,300194.SZ,0.0009,1,zz2000
686,2024-11-22,300195.SZ,0.00037999999999999997,1,zz2000
687,2024-11-22,300200.SZ,0.00063,1,zz2000
688,2024-11-22,300211.SZ,0.00023,1,zz2000
689,2024-11-22,300213.SZ,0.00095,1,zz2000
690,2024-11-22,300217.SZ,0.00099,1,zz2000
691,2024-11-22,300219.SZ,0.00063,1,zz2000
692,2024-11-22,300221.SZ,0.0006,1,zz2000
693,2024-11-22,300225.SZ,0.00075,1,zz2000
694,2024-11-22,300227.SZ,0.00068,1,zz2000
695,2024-11-22,300228.SZ,0.0008,1,zz2000
696,2024-11-22,300230.SZ,0.00049,1,zz2000
697,2024-11-22,300231.SZ,0.0008500000000000001,1,zz2000
698,2024-11-22,300235.SZ,0.00035999999999999997,1,zz2000
699,2024-11-22,300237.SZ,0.0005600000000000001,1,zz2000
700,2024-11-22,300238.SZ,0.00054,1,zz2000
701,2024-11-22,300239.SZ,0.0005099999999999999,1,zz2000
702,2024-11-22,300240.SZ,0.0003,1,zz2000
703,2024-11-22,300241.SZ,0.00064,1,zz2000
704,2024-11-22,300245.SZ,0.0007000000000000001,1,zz2000
705,2024-11-22,300246.SZ,0.00029,1,zz2000
706,2024-11-22,300247.SZ,0.0007199999999999999,1,zz2000
707,2024-11-22,300248.SZ,0.00094,1,zz2000
708,2024-11-22,300249.SZ,0.0005600000000000001,1,zz2000
709,2024-11-22,300250.SZ,0.00048,1,zz2000
710,2024-11-22,300252.SZ,0.00084,1,zz2000
711,2024-11-22,300255.SZ,0.0028899999999999998,1,zz2000
712,2024-11-22,300258.SZ,0.0005099999999999999,1,zz2000
713,2024-11-22,300259.SZ,0.0005,1,zz2000
714,2024-11-22,300264.SZ,0.0005099999999999999,1,zz2000
715,2024-11-22,300265.SZ,0.0005,1,zz2000
716,2024-11-22,300272.SZ,0.00054,1,zz2000
717,2024-11-22,300275.SZ,0.0007099999999999999,1,zz2000
718,2024-11-22,300276.SZ,0.00073,1,zz2000
719,2024-11-22,300278.SZ,0.0012,1,zz2000
720,2024-11-22,300279.SZ,0.00045,1,zz2000
721,2024-11-22,300280.SZ,0.00047,1,zz2000
722,2024-11-22,300283.SZ,0.00032,1,zz2000
723,2024-11-22,300286.SZ,0.00047,1,zz2000
724,2024-11-22,300288.SZ,0.00068,1,zz2000
725,2024-11-22,300290.SZ,0.0025900000000000003,1,zz2000
726,2024-11-22,300291.SZ,0.00058,1,zz2000
727,2024-11-22,300292.SZ,0.00124,1,zz2000
728,2024-11-22,300293.SZ,0.00123,1,zz2000
729,2024-11-22,300299.SZ,0.00057,1,zz2000
730,2024-11-22,300302.SZ,0.00121,1,zz2000
731,2024-11-22,300304.SZ,0.00084,1,zz2000
732,2024-11-22,300306.SZ,0.00039,1,zz2000
733,2024-11-22,300307.SZ,0.0008699999999999999,1,zz2000
734,2024-11-22,300310.SZ,0.0012,1,zz2000
735,2024-11-22,300314.SZ,0.00028000000000000003,1,zz2000
736,2024-11-22,300317.SZ,0.0005099999999999999,1,zz2000
737,2024-11-22,300318.SZ,0.00047,1,zz2000
738,2024-11-22,300320.SZ,0.0010199999999999999,1,zz2000
739,2024-11-22,300326.SZ,0.0007599999999999999,1,zz2000
740,2024-11-22,300328.SZ,0.0009299999999999999,1,zz2000
741,2024-11-22,300331.SZ,0.00097,1,zz2000
742,2024-11-22,300335.SZ,0.00037999999999999997,1,zz2000
743,2024-11-22,300337.SZ,0.0018,1,zz2000
744,2024-11-22,300340.SZ,0.00037999999999999997,1,zz2000
745,2024-11-22,300341.SZ,0.0014299999999999998,1,zz2000
746,2024-11-22,300342.SZ,0.00111,1,zz2000
747,2024-11-22,300344.SZ,0.00035000000000000005,1,zz2000
748,2024-11-22,300345.SZ,0.00057,1,zz2000
749,2024-11-22,300349.SZ,0.00079,1,zz2000
750,2024-11-22,300350.SZ,0.00052,1,zz2000
751,2024-11-22,300351.SZ,0.00066,1,zz2000
752,2024-11-22,300353.SZ,0.00151,1,zz2000
753,2024-11-22,300354.SZ,0.00043,1,zz2000
754,2024-11-22,300355.SZ,0.00178,1,zz2000
755,2024-11-22,300359.SZ,0.0005600000000000001,1,zz2000
756,2024-11-22,300360.SZ,0.00117,1,zz2000
757,2024-11-22,300365.SZ,0.00053,1,zz2000
758,2024-11-22,300374.SZ,0.00055,1,zz2000
759,2024-11-22,300375.SZ,0.00043999999999999996,1,zz2000
760,2024-11-22,300377.SZ,0.0018599999999999999,1,zz2000
761,2024-11-22,300378.SZ,0.001,1,zz2000
762,2024-11-22,300380.SZ,0.0007199999999999999,1,zz2000
763,2024-11-22,300381.SZ,0.0005,1,zz2000
764,2024-11-22,300384.SZ,0.00052,1,zz2000
765,2024-11-22,300389.SZ,0.00034,1,zz2000
766,2024-11-22,300391.SZ,0.00037,1,zz2000
767,2024-11-22,300396.SZ,0.0005099999999999999,1,zz2000
768,2024-11-22,300399.SZ,0.00048,1,zz2000
769,2024-11-22,300400.SZ,0.00063,1,zz2000
770,2024-11-22,300401.SZ,0.00123,1,zz2000
771,2024-11-22,300402.SZ,0.00037,1,zz2000
772,2024-11-22,300403.SZ,0.0006,1,zz2000
773,2024-11-22,300404.SZ,0.00048,1,zz2000
774,2024-11-22,300410.SZ,0.00033,1,zz2000
775,2024-11-22,300412.SZ,0.00029,1,zz2000
776,2024-11-22,300414.SZ,0.00032,1,zz2000
777,2024-11-22,300420.SZ,0.00068,1,zz2000
778,2024-11-22,300421.SZ,0.00042,1,zz2000
779,2024-11-22,300424.SZ,0.00099,1,zz2000
780,2024-11-22,300425.SZ,0.0005600000000000001,1,zz2000
781,2024-11-22,300426.SZ,0.00054,1,zz2000
782,2024-11-22,300429.SZ,0.00104,1,zz2000
783,2024-11-22,300430.SZ,0.00055,1,zz2000
784,2024-11-22,300434.SZ,0.00035000000000000005,1,zz2000
785,2024-11-22,300435.SZ,0.00062,1,zz2000
786,2024-11-22,300436.SZ,0.0005899999999999999,1,zz2000
787,2024-11-22,300437.SZ,0.00031,1,zz2000
788,2024-11-22,300439.SZ,0.00049,1,zz2000
789,2024-11-22,300440.SZ,0.00043999999999999996,1,zz2000
790,2024-11-22,300441.SZ,0.00073,1,zz2000
791,2024-11-22,300444.SZ,0.00068,1,zz2000
792,2024-11-22,300445.SZ,0.00032,1,zz2000
793,2024-11-22,300447.SZ,0.00052,1,zz2000
794,2024-11-22,300448.SZ,0.00061,1,zz2000
795,2024-11-22,300452.SZ,0.00039,1,zz2000
796,2024-11-22,300453.SZ,0.00057,1,zz2000
797,2024-11-22,300460.SZ,0.00066,1,zz2000
798,2024-11-22,300461.SZ,0.00028000000000000003,1,zz2000
799,2024-11-22,300465.SZ,0.00079,1,zz2000
800,2024-11-22,300466.SZ,0.00043,1,zz2000
801,2024-11-22,300467.SZ,0.00052,1,zz2000
802,2024-11-22,300468.SZ,0.00189,1,zz2000
803,2024-11-22,300469.SZ,0.00099,1,zz2000
804,2024-11-22,300471.SZ,0.0005899999999999999,1,zz2000
805,2024-11-22,300472.SZ,0.00037999999999999997,1,zz2000
806,2024-11-22,300473.SZ,0.00043999999999999996,1,zz2000
807,2024-11-22,300479.SZ,0.00063,1,zz2000
808,2024-11-22,300480.SZ,0.00065,1,zz2000
809,2024-11-22,300481.SZ,0.00063,1,zz2000
810,2024-11-22,300483.SZ,0.00033,1,zz2000
811,2024-11-22,300484.SZ,0.00052,1,zz2000
812,2024-11-22,300485.SZ,0.00037,1,zz2000
813,2024-11-22,300486.SZ,0.0004,1,zz2000
814,2024-11-22,300488.SZ,0.00021999999999999998,1,zz2000
815,2024-11-22,300489.SZ,0.0016,1,zz2000
816,2024-11-22,300490.SZ,0.00053,1,zz2000
817,2024-11-22,300491.SZ,0.00035999999999999997,1,zz2000
818,2024-11-22,300493.SZ,0.00104,1,zz2000
819,2024-11-22,300494.SZ,0.0008500000000000001,1,zz2000
820,2024-11-22,300499.SZ,0.00075,1,zz2000
821,2024-11-22,300500.SZ,0.00021,1,zz2000
822,2024-11-22,300501.SZ,0.00031,1,zz2000
823,2024-11-22,300503.SZ,0.0006,1,zz2000
824,2024-11-22,300504.SZ,0.00046,1,zz2000
825,2024-11-22,300505.SZ,0.0006900000000000001,1,zz2000
826,2024-11-22,300507.SZ,0.00075,1,zz2000
827,2024-11-22,300508.SZ,0.0003,1,zz2000
828,2024-11-22,300510.SZ,0.00052,1,zz2000
829,2024-11-22,300511.SZ,0.00033,1,zz2000
830,2024-11-22,300512.SZ,0.00024,1,zz2000
831,2024-11-22,300513.SZ,0.00057,1,zz2000
832,2024-11-22,300514.SZ,0.00034,1,zz2000
833,2024-11-22,300515.SZ,0.00025,1,zz2000
834,2024-11-22,300516.SZ,0.00055,1,zz2000
835,2024-11-22,300518.SZ,0.00035999999999999997,1,zz2000
836,2024-11-22,300519.SZ,0.00021999999999999998,1,zz2000
837,2024-11-22,300520.SZ,0.00084,1,zz2000
838,2024-11-22,300522.SZ,0.00046,1,zz2000
839,2024-11-22,300523.SZ,0.00064,1,zz2000
840,2024-11-22,300531.SZ,0.00073,1,zz2000
841,2024-11-22,300532.SZ,0.0006,1,zz2000
842,2024-11-22,300533.SZ,0.00058,1,zz2000
843,2024-11-22,300534.SZ,0.00039,1,zz2000
844,2024-11-22,300537.SZ,0.00045,1,zz2000
845,2024-11-22,300538.SZ,0.00031,1,zz2000
846,2024-11-22,300539.SZ,0.00021,1,zz2000
847,2024-11-22,300540.SZ,0.00049,1,zz2000
848,2024-11-22,300541.SZ,0.00094,1,zz2000
849,2024-11-22,300542.SZ,0.00104,1,zz2000
850,2024-11-22,300543.SZ,0.00035999999999999997,1,zz2000
851,2024-11-22,300545.SZ,0.00068,1,zz2000
852,2024-11-22,300546.SZ,0.00043999999999999996,1,zz2000
853,2024-11-22,300547.SZ,0.0007099999999999999,1,zz2000
854,2024-11-22,300548.SZ,0.00116,1,zz2000
855,2024-11-22,300551.SZ,0.00074,1,zz2000
856,2024-11-22,300553.SZ,0.00026,1,zz2000
857,2024-11-22,300556.SZ,0.00046,1,zz2000
858,2024-11-22,300559.SZ,0.00043,1,zz2000
859,2024-11-22,300560.SZ,0.0005099999999999999,1,zz2000
860,2024-11-22,300561.SZ,0.00062,1,zz2000
861,2024-11-22,300565.SZ,0.00062,1,zz2000
862,2024-11-22,300566.SZ,0.00074,1,zz2000
863,2024-11-22,300569.SZ,0.00075,1,zz2000
864,2024-11-22,300571.SZ,0.00052,1,zz2000
865,2024-11-22,300572.SZ,0.00065,1,zz2000
866,2024-11-22,300575.SZ,0.00039,1,zz2000
867,2024-11-22,300578.SZ,0.0008100000000000001,1,zz2000
868,2024-11-22,300580.SZ,0.00066,1,zz2000
869,2024-11-22,300581.SZ,0.00058,1,zz2000
870,2024-11-22,300582.SZ,0.00047,1,zz2000
871,2024-11-22,300583.SZ,0.00067,1,zz2000
872,2024-11-22,300584.SZ,0.00026,1,zz2000
873,2024-11-22,300585.SZ,0.00028000000000000003,1,zz2000
874,2024-11-22,300586.SZ,0.0005600000000000001,1,zz2000
875,2024-11-22,300589.SZ,0.0005,1,zz2000
876,2024-11-22,300590.SZ,0.00077,1,zz2000
877,2024-11-22,300592.SZ,0.00047,1,zz2000
878,2024-11-22,300603.SZ,0.00066,1,zz2000
879,2024-11-22,300605.SZ,0.00026,1,zz2000
880,2024-11-22,300606.SZ,0.00039,1,zz2000
881,2024-11-22,300607.SZ,0.00064,1,zz2000
882,2024-11-22,300608.SZ,0.00054,1,zz2000
883,2024-11-22,300612.SZ,0.0004,1,zz2000
884,2024-11-22,300614.SZ,0.00021,1,zz2000
885,2024-11-22,300615.SZ,0.00021999999999999998,1,zz2000
886,2024-11-22,300616.SZ,0.00029,1,zz2000
887,2024-11-22,300617.SZ,0.00053,1,zz2000
888,2024-11-22,300619.SZ,0.00045,1,zz2000
889,2024-11-22,300622.SZ,0.00062,1,zz2000
890,2024-11-22,300625.SZ,0.00026,1,zz2000
891,2024-11-22,300629.SZ,0.00083,1,zz2000
892,2024-11-22,300631.SZ,0.00046,1,zz2000
893,2024-11-22,300632.SZ,0.00043999999999999996,1,zz2000
894,2024-11-22,300636.SZ,0.00048,1,zz2000
895,2024-11-22,300639.SZ,0.00045,1,zz2000
896,2024-11-22,300643.SZ,0.0003,1,zz2000
897,2024-11-22,300645.SZ,0.00034,1,zz2000
898,2024-11-22,300647.SZ,0.00052,1,zz2000
899,2024-11-22,300648.SZ,0.00042,1,zz2000
900,2024-11-22,300649.SZ,0.00018999999999999998,1,zz2000
901,2024-11-22,300650.SZ,0.00034,1,zz2000
902,2024-11-22,300653.SZ,0.0005099999999999999,1,zz2000
903,2024-11-22,300654.SZ,0.00035999999999999997,1,zz2000
904,2024-11-22,300656.SZ,0.0005600000000000001,1,zz2000
905,2024-11-22,300662.SZ,0.00052,1,zz2000
906,2024-11-22,300664.SZ,0.00054,1,zz2000
907,2024-11-22,300667.SZ,0.0005899999999999999,1,zz2000
908,2024-11-22,300680.SZ,0.0007099999999999999,1,zz2000
909,2024-11-22,300681.SZ,0.00068,1,zz2000
910,2024-11-22,300683.SZ,0.00045,1,zz2000
911,2024-11-22,300684.SZ,0.00077,1,zz2000
912,2024-11-22,300686.SZ,0.00039,1,zz2000
913,2024-11-22,300688.SZ,0.0009,1,zz2000
914,2024-11-22,300690.SZ,0.00055,1,zz2000
915,2024-11-22,300691.SZ,0.00066,1,zz2000
916,2024-11-22,300696.SZ,0.00062,1,zz2000
917,2024-11-22,300697.SZ,0.00033,1,zz2000
918,2024-11-22,300698.SZ,0.00062,1,zz2000
919,2024-11-22,300700.SZ,0.00035000000000000005,1,zz2000
920,2024-11-22,300706.SZ,0.00043,1,zz2000
921,2024-11-22,300707.SZ,0.00027,1,zz2000
922,2024-11-22,300708.SZ,0.0011,1,zz2000
923,2024-11-22,300709.SZ,0.0011,1,zz2000
924,2024-11-22,300710.SZ,0.0003,1,zz2000
925,2024-11-22,300711.SZ,0.00041,1,zz2000
926,2024-11-22,300712.SZ,0.00045,1,zz2000
927,2024-11-22,300713.SZ,0.00018999999999999998,1,zz2000
928,2024-11-22,300718.SZ,0.00042,1,zz2000
929,2024-11-22,300719.SZ,0.00066,1,zz2000
930,2024-11-22,300721.SZ,0.00027,1,zz2000
931,2024-11-22,300722.SZ,0.00074,1,zz2000
932,2024-11-22,300727.SZ,0.00027,1,zz2000
933,2024-11-22,300729.SZ,0.00048,1,zz2000
934,2024-11-22,300730.SZ,0.00049,1,zz2000
935,2024-11-22,300731.SZ,0.00046,1,zz2000
936,2024-11-22,300732.SZ,0.00029,1,zz2000
937,2024-11-22,300733.SZ,0.00043,1,zz2000
938,2024-11-22,300739.SZ,0.00032,1,zz2000
939,2024-11-22,300740.SZ,0.00057,1,zz2000
940,2024-11-22,300745.SZ,0.00046,1,zz2000
941,2024-11-22,300752.SZ,0.00037999999999999997,1,zz2000
942,2024-11-22,300756.SZ,0.00037999999999999997,1,zz2000
943,2024-11-22,300758.SZ,0.00054,1,zz2000
944,2024-11-22,300766.SZ,0.00097,1,zz2000
945,2024-11-22,300771.SZ,0.00037999999999999997,1,zz2000
946,2024-11-22,300774.SZ,0.00028000000000000003,1,zz2000
947,2024-11-22,300778.SZ,0.0002,1,zz2000
948,2024-11-22,300779.SZ,0.00233,1,zz2000
949,2024-11-22,300781.SZ,0.0008699999999999999,1,zz2000
950,2024-11-22,300785.SZ,0.00055,1,zz2000
951,2024-11-22,300786.SZ,0.0004,1,zz2000
952,2024-11-22,300787.SZ,0.00027,1,zz2000
953,2024-11-22,300788.SZ,0.00034,1,zz2000
954,2024-11-22,300790.SZ,0.0008699999999999999,1,zz2000
955,2024-11-22,300791.SZ,0.00048,1,zz2000
956,2024-11-22,300792.SZ,0.00048,1,zz2000
957,2024-11-22,300793.SZ,0.00074,1,zz2000
958,2024-11-22,300795.SZ,0.00043,1,zz2000
959,2024-11-22,300796.SZ,0.00061,1,zz2000
960,2024-11-22,300797.SZ,0.00027,1,zz2000
961,2024-11-22,300798.SZ,0.00032,1,zz2000
962,2024-11-22,300800.SZ,0.00026,1,zz2000
963,2024-11-22,300802.SZ,0.00049,1,zz2000
964,2024-11-22,300805.SZ,0.00028000000000000003,1,zz2000
965,2024-11-22,300806.SZ,0.00096,1,zz2000
966,2024-11-22,300809.SZ,0.00045,1,zz2000
967,2024-11-22,300812.SZ,0.00047,1,zz2000
968,2024-11-22,300814.SZ,0.00034,1,zz2000
969,2024-11-22,300815.SZ,0.00047,1,zz2000
970,2024-11-22,300817.SZ,0.00024,1,zz2000
971,2024-11-22,300818.SZ,0.00041,1,zz2000
972,2024-11-22,300822.SZ,0.00023,1,zz2000
973,2024-11-22,300824.SZ,0.00023,1,zz2000
974,2024-11-22,300825.SZ,0.00114,1,zz2000
975,2024-11-22,300828.SZ,0.00017999999999999998,1,zz2000
976,2024-11-22,300830.SZ,0.00042,1,zz2000
977,2024-11-22,300831.SZ,0.00061,1,zz2000
978,2024-11-22,300833.SZ,0.00028000000000000003,1,zz2000
979,2024-11-22,300835.SZ,0.00042,1,zz2000
980,2024-11-22,300839.SZ,0.00017999999999999998,1,zz2000
981,2024-11-22,300840.SZ,0.00039,1,zz2000
982,2024-11-22,300842.SZ,0.00089,1,zz2000
983,2024-11-22,300843.SZ,0.00039,1,zz2000
984,2024-11-22,300847.SZ,0.00043,1,zz2000
985,2024-11-22,300848.SZ,0.00041,1,zz2000
986,2024-11-22,300852.SZ,0.0003,1,zz2000
987,2024-11-22,300853.SZ,0.00035000000000000005,1,zz2000
988,2024-11-22,300858.SZ,0.00047,1,zz2000
989,2024-11-22,300862.SZ,0.00089,1,zz2000
990,2024-11-22,300863.SZ,0.0004,1,zz2000
991,2024-11-22,300864.SZ,0.0002,1,zz2000
992,2024-11-22,300870.SZ,0.00045,1,zz2000
993,2024-11-22,300872.SZ,0.0010199999999999999,1,zz2000
994,2024-11-22,300873.SZ,0.00043,1,zz2000
995,2024-11-22,300875.SZ,0.00034,1,zz2000
996,2024-11-22,300878.SZ,0.00014000000000000001,1,zz2000
997,2024-11-22,300879.SZ,0.00021,1,zz2000
998,2024-11-22,300880.SZ,0.00041,1,zz2000
999,2024-11-22,300881.SZ,0.00023,1,zz2000
