,S_INFO_WINDCODE,S_INFO_LISTDATE,S_INFO_DELISTDATE,type,update_time
0,000001.SZ,19910403,,stockuni_new,2025-06-24 16:59:40.394478
1,000002.SZ,19910129,,stockuni_new,2025-06-24 16:59:40.394478
2,000003.SZ,19910703,20020614.0,stockuni_new,2025-06-24 16:59:40.394478
3,000004.SZ,19901201,,stockuni_new,2025-06-24 16:59:40.394478
4,000005.SZ,19901210,20240426.0,stockuni_new,2025-06-24 16:59:40.394478
5,000006.SZ,19920427,,stockuni_new,2025-06-24 16:59:40.394478
6,000007.SZ,19920413,,stockuni_new,2025-06-24 16:59:40.394478
7,000008.SZ,19920507,,stockuni_new,2025-06-24 16:59:40.394478
8,000009.SZ,19910625,,stockuni_new,2025-06-24 16:59:40.394478
9,000010.SZ,19951027,,stockuni_new,2025-06-24 16:59:40.394478
10,000011.SZ,19920330,,stockuni_new,2025-06-24 16:59:40.394478
11,000012.SZ,19920228,,stockuni_new,2025-06-24 16:59:40.394478
12,000013.SZ,19920506,20040920.0,stockuni_new,2025-06-24 16:59:40.394478
13,000014.SZ,19920602,,stockuni_new,2025-06-24 16:59:40.394478
14,000015.SZ,19920625,20011022.0,stockuni_new,2025-06-24 16:59:40.394478
15,000016.SZ,19920327,,stockuni_new,2025-06-24 16:59:40.394478
16,000017.SZ,19920331,,stockuni_new,2025-06-24 16:59:40.394478
17,000018.SZ,19920616,20200107.0,stockuni_new,2025-06-24 16:59:40.394478
18,000019.SZ,19921012,,stockuni_new,2025-06-24 16:59:40.394478
19,000020.SZ,19920428,,stockuni_new,2025-06-24 16:59:40.394478
20,000021.SZ,19940202,,stockuni_new,2025-06-24 16:59:40.394478
21,000023.SZ,19930429,20240902.0,stockuni_new,2025-06-24 16:59:40.394478
22,000024.SZ,19930607,20151230.0,stockuni_new,2025-06-24 16:59:40.394478
23,000025.SZ,19930621,,stockuni_new,2025-06-24 16:59:40.394478
24,000026.SZ,19930603,,stockuni_new,2025-06-24 16:59:40.394478
25,000027.SZ,19930903,,stockuni_new,2025-06-24 16:59:40.394478
26,000028.SZ,19930809,,stockuni_new,2025-06-24 16:59:40.394478
27,000029.SZ,19930915,,stockuni_new,2025-06-24 16:59:40.394478
28,000030.SZ,19930929,,stockuni_new,2025-06-24 16:59:40.394478
29,000031.SZ,19931008,,stockuni_new,2025-06-24 16:59:40.394478
30,000032.SZ,19931028,,stockuni_new,2025-06-24 16:59:40.394478
31,000033.SZ,19940103,20170707.0,stockuni_new,2025-06-24 16:59:40.394478
32,000034.SZ,19940509,,stockuni_new,2025-06-24 16:59:40.394478
33,000035.SZ,19940408,,stockuni_new,2025-06-24 16:59:40.394478
34,000036.SZ,19940617,,stockuni_new,2025-06-24 16:59:40.394478
35,000037.SZ,19940701,,stockuni_new,2025-06-24 16:59:40.394478
36,000038.SZ,19940808,20230712.0,stockuni_new,2025-06-24 16:59:40.394478
37,000039.SZ,19940408,,stockuni_new,2025-06-24 16:59:40.394478
38,000040.SZ,19940808,,stockuni_new,2025-06-24 16:59:40.394478
39,000042.SZ,19940921,,stockuni_new,2025-06-24 16:59:40.394478
40,000045.SZ,19940815,,stockuni_new,2025-06-24 16:59:40.394478
41,000046.SZ,19940912,20240207.0,stockuni_new,2025-06-24 16:59:40.394478
42,000047.SZ,19941021,20030530.0,stockuni_new,2025-06-24 16:59:40.394478
43,000048.SZ,19941101,,stockuni_new,2025-06-24 16:59:40.394478
44,000049.SZ,19950320,,stockuni_new,2025-06-24 16:59:40.394478
45,000050.SZ,19950315,,stockuni_new,2025-06-24 16:59:40.394478
46,000055.SZ,19960415,,stockuni_new,2025-06-24 16:59:40.394478
47,000056.SZ,19960708,,stockuni_new,2025-06-24 16:59:40.394478
48,000058.SZ,19961226,,stockuni_new,2025-06-24 16:59:40.394478
49,000059.SZ,19970130,,stockuni_new,2025-06-24 16:59:40.394478
50,000060.SZ,19970123,,stockuni_new,2025-06-24 16:59:40.394478
51,000061.SZ,19970110,,stockuni_new,2025-06-24 16:59:40.394478
52,000062.SZ,19970130,,stockuni_new,2025-06-24 16:59:40.394478
53,000063.SZ,19971118,,stockuni_new,2025-06-24 16:59:40.394478
54,000065.SZ,19980605,,stockuni_new,2025-06-24 16:59:40.394478
55,000066.SZ,19970626,,stockuni_new,2025-06-24 16:59:40.394478
56,000068.SZ,19970611,,stockuni_new,2025-06-24 16:59:40.394478
57,000069.SZ,19970910,,stockuni_new,2025-06-24 16:59:40.394478
58,000070.SZ,20000511,,stockuni_new,2025-06-24 16:59:40.394478
59,000078.SZ,19981218,,stockuni_new,2025-06-24 16:59:40.394478
60,000088.SZ,19970728,,stockuni_new,2025-06-24 16:59:40.394478
61,000089.SZ,19980420,,stockuni_new,2025-06-24 16:59:40.394478
62,000090.SZ,19990721,,stockuni_new,2025-06-24 16:59:40.394478
63,000096.SZ,20000724,,stockuni_new,2025-06-24 16:59:40.394478
64,000099.SZ,20000731,,stockuni_new,2025-06-24 16:59:40.394478
65,000100.SZ,20040130,,stockuni_new,2025-06-24 16:59:40.394478
66,000150.SZ,20000807,20230609.0,stockuni_new,2025-06-24 16:59:40.394478
67,000151.SZ,20000906,,stockuni_new,2025-06-24 16:59:40.394478
68,000153.SZ,20000920,,stockuni_new,2025-06-24 16:59:40.394478
69,000155.SZ,20000926,,stockuni_new,2025-06-24 16:59:40.394478
70,000156.SZ,20000906,,stockuni_new,2025-06-24 16:59:40.394478
71,000157.SZ,20001012,,stockuni_new,2025-06-24 16:59:40.394478
72,000158.SZ,20000724,,stockuni_new,2025-06-24 16:59:40.394478
73,000159.SZ,20000926,,stockuni_new,2025-06-24 16:59:40.394478
74,000166.SZ,20150126,,stockuni_new,2025-06-24 16:59:40.394478
75,000301.SZ,20000529,,stockuni_new,2025-06-24 16:59:40.394478
76,000333.SZ,20130918,,stockuni_new,2025-06-24 16:59:40.394478
77,000338.SZ,20070430,,stockuni_new,2025-06-24 16:59:40.394478
78,000400.SZ,19970418,,stockuni_new,2025-06-24 16:59:40.394478
79,000401.SZ,19960614,,stockuni_new,2025-06-24 16:59:40.394478
80,000402.SZ,19960626,,stockuni_new,2025-06-24 16:59:40.394478
81,000403.SZ,19960628,,stockuni_new,2025-06-24 16:59:40.394478
82,000404.SZ,19960619,,stockuni_new,2025-06-24 16:59:40.394478
83,000405.SZ,19960620,20040319.0,stockuni_new,2025-06-24 16:59:40.394478
84,000406.SZ,19960628,20060421.0,stockuni_new,2025-06-24 16:59:40.394478
85,000407.SZ,19960703,,stockuni_new,2025-06-24 16:59:40.394478
86,000408.SZ,19960628,,stockuni_new,2025-06-24 16:59:40.394478
87,000409.SZ,19960627,,stockuni_new,2025-06-24 16:59:40.394478
88,000410.SZ,19960718,,stockuni_new,2025-06-24 16:59:40.394478
89,000411.SZ,19960716,,stockuni_new,2025-06-24 16:59:40.394478
90,000412.SZ,19960715,20030919.0,stockuni_new,2025-06-24 16:59:40.394478
91,000413.SZ,19960925,20241011.0,stockuni_new,2025-06-24 16:59:40.394478
92,000415.SZ,19960716,,stockuni_new,2025-06-24 16:59:40.394478
93,000416.SZ,19960719,20240605.0,stockuni_new,2025-06-24 16:59:40.394478
94,000417.SZ,19960812,,stockuni_new,2025-06-24 16:59:40.394478
95,000418.SZ,19970328,20190621.0,stockuni_new,2025-06-24 16:59:40.394478
96,000419.SZ,19960816,,stockuni_new,2025-06-24 16:59:40.394478
97,000420.SZ,19960802,,stockuni_new,2025-06-24 16:59:40.394478
98,000421.SZ,19960806,,stockuni_new,2025-06-24 16:59:40.394478
99,000422.SZ,19960815,,stockuni_new,2025-06-24 16:59:40.394478
100,000423.SZ,19960729,,stockuni_new,2025-06-24 16:59:40.394478
101,000425.SZ,19960828,,stockuni_new,2025-06-24 16:59:40.394478
102,000426.SZ,19960828,,stockuni_new,2025-06-24 16:59:40.394478
103,000428.SZ,19960808,,stockuni_new,2025-06-24 16:59:40.394478
104,000429.SZ,19980220,,stockuni_new,2025-06-24 16:59:40.394478
105,000430.SZ,19960829,,stockuni_new,2025-06-24 16:59:40.394478
106,000488.SZ,20001120,,stockuni_new,2025-06-24 16:59:40.394478
107,000498.SZ,19970609,,stockuni_new,2025-06-24 16:59:40.394478
108,000501.SZ,19921120,,stockuni_new,2025-06-24 16:59:40.394478
109,000502.SZ,19921123,20220627.0,stockuni_new,2025-06-24 16:59:40.394478
110,000503.SZ,19921130,,stockuni_new,2025-06-24 16:59:40.394478
111,000504.SZ,19921208,,stockuni_new,2025-06-24 16:59:40.394478
112,000505.SZ,19921221,,stockuni_new,2025-06-24 16:59:40.394478
113,000506.SZ,19930312,,stockuni_new,2025-06-24 16:59:40.394478
114,000507.SZ,19930326,,stockuni_new,2025-06-24 16:59:40.394478
115,000508.SZ,19930430,19990712.0,stockuni_new,2025-06-24 16:59:40.394478
116,000509.SZ,19930507,,stockuni_new,2025-06-24 16:59:40.394478
117,000510.SZ,19930507,,stockuni_new,2025-06-24 16:59:40.394478
118,000511.SZ,19930518,20180718.0,stockuni_new,2025-06-24 16:59:40.394478
119,000513.SZ,19931028,,stockuni_new,2025-06-24 16:59:40.394478
120,000514.SZ,19930712,,stockuni_new,2025-06-24 16:59:40.394478
121,000515.SZ,19930712,20090506.0,stockuni_new,2025-06-24 16:59:40.394478
122,000516.SZ,19930809,,stockuni_new,2025-06-24 16:59:40.394478
123,000517.SZ,19930806,,stockuni_new,2025-06-24 16:59:40.394478
124,000518.SZ,19930908,,stockuni_new,2025-06-24 16:59:40.394478
125,000519.SZ,19931008,,stockuni_new,2025-06-24 16:59:40.394478
126,000520.SZ,19931025,,stockuni_new,2025-06-24 16:59:40.394478
127,000521.SZ,19931018,,stockuni_new,2025-06-24 16:59:40.394478
128,000522.SZ,19931108,20130426.0,stockuni_new,2025-06-24 16:59:40.394478
129,000523.SZ,19931108,,stockuni_new,2025-06-24 16:59:40.394478
130,000524.SZ,19931118,,stockuni_new,2025-06-24 16:59:40.394478
131,000525.SZ,19931028,,stockuni_new,2025-06-24 16:59:40.394478
132,000526.SZ,19931101,,stockuni_new,2025-06-24 16:59:40.394478
133,000527.SZ,19931112,20130918.0,stockuni_new,2025-06-24 16:59:40.394478
134,000528.SZ,19931118,,stockuni_new,2025-06-24 16:59:40.394478
135,000529.SZ,19931118,,stockuni_new,2025-06-24 16:59:40.394478
136,000530.SZ,19931208,,stockuni_new,2025-06-24 16:59:40.394478
137,000531.SZ,19940106,,stockuni_new,2025-06-24 16:59:40.394478
138,000532.SZ,19940103,,stockuni_new,2025-06-24 16:59:40.394478
139,000533.SZ,19940103,,stockuni_new,2025-06-24 16:59:40.394478
140,000534.SZ,19940110,,stockuni_new,2025-06-24 16:59:40.394478
141,000535.SZ,19931130,20050921.0,stockuni_new,2025-06-24 16:59:40.394478
142,000536.SZ,19931126,,stockuni_new,2025-06-24 16:59:40.394478
143,000537.SZ,19931210,,stockuni_new,2025-06-24 16:59:40.394478
144,000538.SZ,19931215,,stockuni_new,2025-06-24 16:59:40.394478
145,000539.SZ,19931126,,stockuni_new,2025-06-24 16:59:40.394478
146,000540.SZ,19940202,20230630.0,stockuni_new,2025-06-24 16:59:40.394478
147,000541.SZ,19931123,,stockuni_new,2025-06-24 16:59:40.394478
148,000542.SZ,19931201,20040113.0,stockuni_new,2025-06-24 16:59:40.394478
149,000543.SZ,19931220,,stockuni_new,2025-06-24 16:59:40.394478
150,000544.SZ,19931208,,stockuni_new,2025-06-24 16:59:40.394478
151,000545.SZ,19931215,,stockuni_new,2025-06-24 16:59:40.394478
152,000546.SZ,19931215,,stockuni_new,2025-06-24 16:59:40.394478
153,000547.SZ,19931130,,stockuni_new,2025-06-24 16:59:40.394478
154,000548.SZ,19931220,,stockuni_new,2025-06-24 16:59:40.394478
155,000549.SZ,19931220,20070427.0,stockuni_new,2025-06-24 16:59:40.394478
156,000550.SZ,19931201,,stockuni_new,2025-06-24 16:59:40.394478
157,000551.SZ,19940106,,stockuni_new,2025-06-24 16:59:40.394478
158,000552.SZ,19940106,,stockuni_new,2025-06-24 16:59:40.394478
159,000553.SZ,19931203,,stockuni_new,2025-06-24 16:59:40.394478
160,000554.SZ,19931215,,stockuni_new,2025-06-24 16:59:40.394478
161,000555.SZ,19940408,,stockuni_new,2025-06-24 16:59:40.394478
162,000556.SZ,19940525,20020529.0,stockuni_new,2025-06-24 16:59:40.394478
163,000557.SZ,19940617,,stockuni_new,2025-06-24 16:59:40.394478
164,000558.SZ,19940509,,stockuni_new,2025-06-24 16:59:40.394478
165,000559.SZ,19940110,,stockuni_new,2025-06-24 16:59:40.394478
166,000560.SZ,19940202,,stockuni_new,2025-06-24 16:59:40.394478
167,000561.SZ,19940509,,stockuni_new,2025-06-24 16:59:40.394478
168,000562.SZ,19940202,20150126.0,stockuni_new,2025-06-24 16:59:40.394478
169,000563.SZ,19940110,,stockuni_new,2025-06-24 16:59:40.394478
170,000564.SZ,19940110,,stockuni_new,2025-06-24 16:59:40.394478
171,000565.SZ,19940408,,stockuni_new,2025-06-24 16:59:40.394478
172,000566.SZ,19940525,,stockuni_new,2025-06-24 16:59:40.394478
173,000567.SZ,19940525,,stockuni_new,2025-06-24 16:59:40.394478
174,000568.SZ,19940509,,stockuni_new,2025-06-24 16:59:40.394478
175,000569.SZ,19940425,20090506.0,stockuni_new,2025-06-24 16:59:40.394478
176,000570.SZ,19940701,,stockuni_new,2025-06-24 16:59:40.394478
177,000571.SZ,19940525,,stockuni_new,2025-06-24 16:59:40.394478
178,000572.SZ,19940808,,stockuni_new,2025-06-24 16:59:40.394478
179,000573.SZ,19940815,,stockuni_new,2025-06-24 16:59:40.394478
180,000576.SZ,19940907,,stockuni_new,2025-06-24 16:59:40.394478
181,000578.SZ,19950303,20110322.0,stockuni_new,2025-06-24 16:59:40.394478
182,000581.SZ,19980924,,stockuni_new,2025-06-24 16:59:40.394478
183,000582.SZ,19951102,,stockuni_new,2025-06-24 16:59:40.394478
184,000583.SZ,19951101,20070521.0,stockuni_new,2025-06-24 16:59:40.394478
185,000584.SZ,19951128,,stockuni_new,2025-06-24 16:59:40.394478
186,000585.SZ,19951213,20220524.0,stockuni_new,2025-06-24 16:59:40.394478
187,000586.SZ,19951220,,stockuni_new,2025-06-24 16:59:40.394478
188,000587.SZ,19960425,20230403.0,stockuni_new,2025-06-24 16:59:40.394478
189,000588.SZ,19960123,20010615.0,stockuni_new,2025-06-24 16:59:40.394478
190,000589.SZ,19960308,,stockuni_new,2025-06-24 16:59:40.394478
191,000590.SZ,19960119,,stockuni_new,2025-06-24 16:59:40.394478
192,000591.SZ,19960208,,stockuni_new,2025-06-24 16:59:40.394478
193,000592.SZ,19960327,,stockuni_new,2025-06-24 16:59:40.394478
194,000593.SZ,19960312,,stockuni_new,2025-06-24 16:59:40.394478
195,000594.SZ,19960320,20150713.0,stockuni_new,2025-06-24 16:59:40.394478
196,000595.SZ,19960419,,stockuni_new,2025-06-24 16:59:40.394478
197,000596.SZ,19960927,,stockuni_new,2025-06-24 16:59:40.394478
198,000597.SZ,19960523,,stockuni_new,2025-06-24 16:59:40.394478
199,000598.SZ,19960529,,stockuni_new,2025-06-24 16:59:40.394478
200,000599.SZ,19960430,,stockuni_new,2025-06-24 16:59:40.394478
201,000600.SZ,19960606,,stockuni_new,2025-06-24 16:59:40.394478
202,000601.SZ,19960830,,stockuni_new,2025-06-24 16:59:40.394478
203,000602.SZ,19960819,20130814.0,stockuni_new,2025-06-24 16:59:40.394478
204,000603.SZ,19960823,,stockuni_new,2025-06-24 16:59:40.394478
205,000605.SZ,19960913,,stockuni_new,2025-06-24 16:59:40.394478
206,000606.SZ,19961004,20230706.0,stockuni_new,2025-06-24 16:59:40.394478
207,000607.SZ,19960830,,stockuni_new,2025-06-24 16:59:40.394478
208,000608.SZ,19960919,,stockuni_new,2025-06-24 16:59:40.394478
209,000609.SZ,19961010,,stockuni_new,2025-06-24 16:59:40.394478
210,000610.SZ,19960926,,stockuni_new,2025-06-24 16:59:40.394478
211,000611.SZ,19961008,20220628.0,stockuni_new,2025-06-24 16:59:40.394478
212,000612.SZ,19960926,,stockuni_new,2025-06-24 16:59:40.394478
213,000613.SZ,19970128,20220629.0,stockuni_new,2025-06-24 16:59:40.394478
214,000615.SZ,19961016,,stockuni_new,2025-06-24 16:59:40.394478
215,000616.SZ,19961108,20230823.0,stockuni_new,2025-06-24 16:59:40.394478
216,000617.SZ,19961022,,stockuni_new,2025-06-24 16:59:40.394478
217,000618.SZ,19961015,20060220.0,stockuni_new,2025-06-24 16:59:40.394478
218,000619.SZ,19961023,,stockuni_new,2025-06-24 16:59:40.394478
219,000620.SZ,19961029,,stockuni_new,2025-06-24 16:59:40.394478
220,000621.SZ,19961105,20040927.0,stockuni_new,2025-06-24 16:59:40.394478
221,000622.SZ,19961107,,stockuni_new,2025-06-24 16:59:40.394478
222,000623.SZ,19961028,,stockuni_new,2025-06-24 16:59:40.394478
223,000625.SZ,19970610,,stockuni_new,2025-06-24 16:59:40.394478
224,000626.SZ,19961128,,stockuni_new,2025-06-24 16:59:40.394478
225,000627.SZ,19961112,,stockuni_new,2025-06-24 16:59:40.394478
226,000628.SZ,19961118,,stockuni_new,2025-06-24 16:59:40.394478
227,000629.SZ,19961115,,stockuni_new,2025-06-24 16:59:40.394478
228,000630.SZ,19961120,,stockuni_new,2025-06-24 16:59:40.394478
229,000631.SZ,19961122,,stockuni_new,2025-06-24 16:59:40.394478
230,000632.SZ,19961121,,stockuni_new,2025-06-24 16:59:40.394478
231,000633.SZ,19961112,,stockuni_new,2025-06-24 16:59:40.394478
232,000635.SZ,19961120,,stockuni_new,2025-06-24 16:59:40.394478
233,000636.SZ,19961129,,stockuni_new,2025-06-24 16:59:40.394478
234,000637.SZ,19961114,,stockuni_new,2025-06-24 16:59:40.394478
235,000638.SZ,19961126,,stockuni_new,2025-06-24 16:59:40.394478
236,000639.SZ,19961126,,stockuni_new,2025-06-24 16:59:40.394478
237,000650.SZ,19961210,,stockuni_new,2025-06-24 16:59:40.394478
238,000651.SZ,19961118,,stockuni_new,2025-06-24 16:59:40.394478
239,000652.SZ,19961128,,stockuni_new,2025-06-24 16:59:40.394478
240,000653.SZ,19961126,20020913.0,stockuni_new,2025-06-24 16:59:40.394478
241,000655.SZ,19961128,,stockuni_new,2025-06-24 16:59:40.394478
242,000656.SZ,19961128,,stockuni_new,2025-06-24 16:59:40.394478
243,000657.SZ,19961205,,stockuni_new,2025-06-24 16:59:40.394478
244,000658.SZ,19961218,20020920.0,stockuni_new,2025-06-24 16:59:40.394478
245,000659.SZ,19961203,,stockuni_new,2025-06-24 16:59:40.394478
246,000660.SZ,19961209,20040913.0,stockuni_new,2025-06-24 16:59:40.394478
247,000661.SZ,19961218,,stockuni_new,2025-06-24 16:59:40.394478
248,000662.SZ,19961216,20210412.0,stockuni_new,2025-06-24 16:59:40.394478
249,000663.SZ,19961206,,stockuni_new,2025-06-24 16:59:40.394478
250,000665.SZ,19961210,,stockuni_new,2025-06-24 16:59:40.394478
251,000666.SZ,19961210,20231026.0,stockuni_new,2025-06-24 16:59:40.394478
252,000667.SZ,19961205,20230714.0,stockuni_new,2025-06-24 16:59:40.394478
253,000668.SZ,19961210,,stockuni_new,2025-06-24 16:59:40.394478
254,000669.SZ,19961210,,stockuni_new,2025-06-24 16:59:40.394478
255,000670.SZ,19961217,,stockuni_new,2025-06-24 16:59:40.394478
256,000671.SZ,19961218,20230816.0,stockuni_new,2025-06-24 16:59:40.394478
257,000672.SZ,19961218,,stockuni_new,2025-06-24 16:59:40.394478
258,000673.SZ,19970124,20220704.0,stockuni_new,2025-06-24 16:59:40.394478
259,000675.SZ,19961226,20020820.0,stockuni_new,2025-06-24 16:59:40.394478
260,000676.SZ,19961224,,stockuni_new,2025-06-24 16:59:40.394478
261,000677.SZ,19961226,,stockuni_new,2025-06-24 16:59:40.394478
262,000678.SZ,19970106,,stockuni_new,2025-06-24 16:59:40.394478
263,000679.SZ,19970124,,stockuni_new,2025-06-24 16:59:40.394478
264,000680.SZ,19970122,,stockuni_new,2025-06-24 16:59:40.394478
265,000681.SZ,19970121,,stockuni_new,2025-06-24 16:59:40.394478
266,000682.SZ,19970121,,stockuni_new,2025-06-24 16:59:40.394478
267,000683.SZ,19970131,,stockuni_new,2025-06-24 16:59:40.394478
268,000685.SZ,19970123,,stockuni_new,2025-06-24 16:59:40.394478
269,000686.SZ,19970227,,stockuni_new,2025-06-24 16:59:40.394478
270,000687.SZ,19970221,20220617.0,stockuni_new,2025-06-24 16:59:40.394478
271,000688.SZ,19970120,,stockuni_new,2025-06-24 16:59:40.394478
272,000689.SZ,19961231,20020905.0,stockuni_new,2025-06-24 16:59:40.394478
273,000690.SZ,19970128,,stockuni_new,2025-06-24 16:59:40.394478
274,000691.SZ,19970228,,stockuni_new,2025-06-24 16:59:40.394478
275,000692.SZ,19970227,,stockuni_new,2025-06-24 16:59:40.394478
276,000693.SZ,19970226,20190709.0,stockuni_new,2025-06-24 16:59:40.394478
277,000695.SZ,19970218,,stockuni_new,2025-06-24 16:59:40.394478
278,000697.SZ,19970325,,stockuni_new,2025-06-24 16:59:40.394478
279,000698.SZ,19970220,,stockuni_new,2025-06-24 16:59:40.394478
280,000699.SZ,19970310,20070404.0,stockuni_new,2025-06-24 16:59:40.394478
281,000700.SZ,19970228,,stockuni_new,2025-06-24 16:59:40.394478
282,000701.SZ,19970226,,stockuni_new,2025-06-24 16:59:40.394478
283,000702.SZ,19970318,,stockuni_new,2025-06-24 16:59:40.394478
284,000703.SZ,19970328,,stockuni_new,2025-06-24 16:59:40.394478
285,000705.SZ,19970410,,stockuni_new,2025-06-24 16:59:40.394478
286,000707.SZ,19970415,,stockuni_new,2025-06-24 16:59:40.394478
287,000708.SZ,19970326,,stockuni_new,2025-06-24 16:59:40.394478
288,000709.SZ,19970416,,stockuni_new,2025-06-24 16:59:40.394478
289,000710.SZ,19970422,,stockuni_new,2025-06-24 16:59:40.394478
290,000711.SZ,19970411,,stockuni_new,2025-06-24 16:59:40.394478
291,000712.SZ,19970415,,stockuni_new,2025-06-24 16:59:40.394478
292,000713.SZ,19970422,,stockuni_new,2025-06-24 16:59:40.394478
293,000715.SZ,19970508,,stockuni_new,2025-06-24 16:59:40.394478
294,000716.SZ,19970418,,stockuni_new,2025-06-24 16:59:40.394478
295,000717.SZ,19970508,,stockuni_new,2025-06-24 16:59:40.394478
296,000718.SZ,19970408,,stockuni_new,2025-06-24 16:59:40.394478
297,000719.SZ,19970331,,stockuni_new,2025-06-24 16:59:40.394478
298,000720.SZ,19970509,,stockuni_new,2025-06-24 16:59:40.394478
299,000721.SZ,19970430,,stockuni_new,2025-06-24 16:59:40.394478
300,000722.SZ,19970522,,stockuni_new,2025-06-24 16:59:40.394478
301,000723.SZ,19970515,,stockuni_new,2025-06-24 16:59:40.394478
302,000725.SZ,20010112,,stockuni_new,2025-06-24 16:59:40.394478
303,000726.SZ,20001225,,stockuni_new,2025-06-24 16:59:40.394478
304,000727.SZ,19970520,,stockuni_new,2025-06-24 16:59:40.394478
305,000728.SZ,19970616,,stockuni_new,2025-06-24 16:59:40.394478
306,000729.SZ,19970716,,stockuni_new,2025-06-24 16:59:40.394478
307,000730.SZ,19970522,20040924.0,stockuni_new,2025-06-24 16:59:40.394478
308,000731.SZ,19970617,,stockuni_new,2025-06-24 16:59:40.394478
309,000732.SZ,19970704,20230804.0,stockuni_new,2025-06-24 16:59:40.394478
310,000733.SZ,19970703,,stockuni_new,2025-06-24 16:59:40.394478
311,000735.SZ,19970611,,stockuni_new,2025-06-24 16:59:40.394478
312,000736.SZ,19970425,,stockuni_new,2025-06-24 16:59:40.394478
313,000737.SZ,19970428,,stockuni_new,2025-06-24 16:59:40.394478
314,000738.SZ,19970626,,stockuni_new,2025-06-24 16:59:40.394478
315,000739.SZ,19970509,,stockuni_new,2025-06-24 16:59:40.394478
316,000748.SZ,19970704,20170118.0,stockuni_new,2025-06-24 16:59:40.394478
317,000750.SZ,19970709,,stockuni_new,2025-06-24 16:59:40.394478
318,000751.SZ,19970626,,stockuni_new,2025-06-24 16:59:40.394478
319,000752.SZ,19970625,,stockuni_new,2025-06-24 16:59:40.394478
320,000753.SZ,19970626,,stockuni_new,2025-06-24 16:59:40.394478
321,000755.SZ,19970627,,stockuni_new,2025-06-24 16:59:40.394478
322,000756.SZ,19970806,,stockuni_new,2025-06-24 16:59:40.394478
323,000757.SZ,19970627,,stockuni_new,2025-06-24 16:59:40.394478
324,000758.SZ,19970416,,stockuni_new,2025-06-24 16:59:40.394478
325,000759.SZ,19970519,,stockuni_new,2025-06-24 16:59:40.394478
326,000760.SZ,19970627,20210723.0,stockuni_new,2025-06-24 16:59:40.394478
327,000761.SZ,19980115,,stockuni_new,2025-06-24 16:59:40.394478
328,000762.SZ,19970708,,stockuni_new,2025-06-24 16:59:40.394478
329,000763.SZ,19970915,20060104.0,stockuni_new,2025-06-24 16:59:40.394478
330,000765.SZ,19971103,20050704.0,stockuni_new,2025-06-24 16:59:40.394478
331,000766.SZ,19970430,,stockuni_new,2025-06-24 16:59:40.394478
332,000767.SZ,19970609,,stockuni_new,2025-06-24 16:59:40.394478
333,000768.SZ,19970626,,stockuni_new,2025-06-24 16:59:40.394478
334,000769.SZ,19970530,20050921.0,stockuni_new,2025-06-24 16:59:40.394478
335,000776.SZ,19970611,,stockuni_new,2025-06-24 16:59:40.394478
336,000777.SZ,19970710,,stockuni_new,2025-06-24 16:59:40.394478
337,000778.SZ,19970606,,stockuni_new,2025-06-24 16:59:40.394478
338,000779.SZ,19970528,,stockuni_new,2025-06-24 16:59:40.394478
339,000780.SZ,19970606,20220124.0,stockuni_new,2025-06-24 16:59:40.394478
340,000782.SZ,19970619,,stockuni_new,2025-06-24 16:59:40.394478
341,000783.SZ,19970731,,stockuni_new,2025-06-24 16:59:40.394478
342,000785.SZ,19970711,,stockuni_new,2025-06-24 16:59:40.394478
343,000786.SZ,19970606,,stockuni_new,2025-06-24 16:59:40.394478
344,000787.SZ,19970626,20130208.0,stockuni_new,2025-06-24 16:59:40.394478
345,000788.SZ,19970616,,stockuni_new,2025-06-24 16:59:40.394478
346,000789.SZ,19970923,,stockuni_new,2025-06-24 16:59:40.394478
347,000790.SZ,19980327,,stockuni_new,2025-06-24 16:59:40.394478
348,000791.SZ,19971014,,stockuni_new,2025-06-24 16:59:40.394478
349,000792.SZ,19970904,,stockuni_new,2025-06-24 16:59:40.394478
350,000793.SZ,19970729,,stockuni_new,2025-06-24 16:59:40.394478
351,000795.SZ,19970808,,stockuni_new,2025-06-24 16:59:40.394478
352,000796.SZ,19970703,,stockuni_new,2025-06-24 16:59:40.394478
353,000797.SZ,19970715,,stockuni_new,2025-06-24 16:59:40.394478
354,000798.SZ,19980212,,stockuni_new,2025-06-24 16:59:40.394478
355,000799.SZ,19970718,,stockuni_new,2025-06-24 16:59:40.394478
356,000800.SZ,19970618,,stockuni_new,2025-06-24 16:59:40.394478
357,000801.SZ,19980506,,stockuni_new,2025-06-24 16:59:40.394478
358,000802.SZ,19980108,,stockuni_new,2025-06-24 16:59:40.394478
359,000803.SZ,19980303,,stockuni_new,2025-06-24 16:59:40.394478
360,000805.SZ,19980529,20130327.0,stockuni_new,2025-06-24 16:59:40.394478
361,000806.SZ,19980416,20230706.0,stockuni_new,2025-06-24 16:59:40.394478
362,000807.SZ,19980408,,stockuni_new,2025-06-24 16:59:40.394478
363,000809.SZ,19980616,,stockuni_new,2025-06-24 16:59:40.394478
364,000810.SZ,19980602,,stockuni_new,2025-06-24 16:59:40.394478
365,000811.SZ,19980528,,stockuni_new,2025-06-24 16:59:40.394478
366,000812.SZ,19980623,,stockuni_new,2025-06-24 16:59:40.394478
367,000813.SZ,19980519,,stockuni_new,2025-06-24 16:59:40.394478
368,000815.SZ,19980609,,stockuni_new,2025-06-24 16:59:40.394478
369,000816.SZ,19970818,,stockuni_new,2025-06-24 16:59:40.394478
370,000817.SZ,19980528,20060104.0,stockuni_new,2025-06-24 16:59:40.394478
371,000818.SZ,19971017,,stockuni_new,2025-06-24 16:59:40.394478
372,000819.SZ,19970625,,stockuni_new,2025-06-24 16:59:40.394478
373,000820.SZ,19980630,,stockuni_new,2025-06-24 16:59:40.394478
374,000821.SZ,19980626,,stockuni_new,2025-06-24 16:59:40.394478
375,000822.SZ,19980703,,stockuni_new,2025-06-24 16:59:40.394478
376,000823.SZ,19971008,,stockuni_new,2025-06-24 16:59:40.394478
377,000825.SZ,19981021,,stockuni_new,2025-06-24 16:59:40.394478
378,000826.SZ,19980225,,stockuni_new,2025-06-24 16:59:40.394478
379,000827.SZ,19981016,20050921.0,stockuni_new,2025-06-24 16:59:40.394478
380,000828.SZ,19970617,,stockuni_new,2025-06-24 16:59:40.394478
381,000829.SZ,19971202,,stockuni_new,2025-06-24 16:59:40.394478
382,000830.SZ,19980807,,stockuni_new,2025-06-24 16:59:40.394478
383,000831.SZ,19980911,,stockuni_new,2025-06-24 16:59:40.394478
384,000832.SZ,19980825,20060629.0,stockuni_new,2025-06-24 16:59:40.394478
385,000833.SZ,19981111,,stockuni_new,2025-06-24 16:59:40.394478
386,000835.SZ,19990625,20220523.0,stockuni_new,2025-06-24 16:59:40.394478
387,000836.SZ,19970929,20240812.0,stockuni_new,2025-06-24 16:59:40.394478
388,000837.SZ,19980928,,stockuni_new,2025-06-24 16:59:40.394478
389,000838.SZ,19970626,,stockuni_new,2025-06-24 16:59:40.394478
390,000839.SZ,19971031,,stockuni_new,2025-06-24 16:59:40.394478
391,000848.SZ,19971113,,stockuni_new,2025-06-24 16:59:40.394478
392,000850.SZ,19981007,,stockuni_new,2025-06-24 16:59:40.394478
393,000851.SZ,19980609,,stockuni_new,2025-06-24 16:59:40.394478
394,000852.SZ,19981126,,stockuni_new,2025-06-24 16:59:40.394478
395,000856.SZ,19980813,,stockuni_new,2025-06-24 16:59:40.394478
396,000858.SZ,19980427,,stockuni_new,2025-06-24 16:59:40.394478
397,000859.SZ,19981119,,stockuni_new,2025-06-24 16:59:40.394478
398,000860.SZ,19981104,,stockuni_new,2025-06-24 16:59:40.394478
399,000861.SZ,19981028,20240918.0,stockuni_new,2025-06-24 16:59:40.394478
400,000862.SZ,19980915,,stockuni_new,2025-06-24 16:59:40.394478
401,000863.SZ,19970925,,stockuni_new,2025-06-24 16:59:40.394478
402,000866.SZ,19980512,20060421.0,stockuni_new,2025-06-24 16:59:40.394478
403,000868.SZ,19970725,,stockuni_new,2025-06-24 16:59:40.394478
404,000869.SZ,20001026,,stockuni_new,2025-06-24 16:59:40.394478
405,000875.SZ,20020926,,stockuni_new,2025-06-24 16:59:40.394478
406,000876.SZ,19980311,,stockuni_new,2025-06-24 16:59:40.394478
407,000877.SZ,19990107,,stockuni_new,2025-06-24 16:59:40.394478
408,000878.SZ,19980602,,stockuni_new,2025-06-24 16:59:40.394478
409,000880.SZ,19980402,,stockuni_new,2025-06-24 16:59:40.394478
410,000881.SZ,19980902,,stockuni_new,2025-06-24 16:59:40.394478
411,000882.SZ,19980616,,stockuni_new,2025-06-24 16:59:40.394478
412,000883.SZ,19980519,,stockuni_new,2025-06-24 16:59:40.394478
413,000885.SZ,19990319,,stockuni_new,2025-06-24 16:59:40.394478
414,000886.SZ,19980123,,stockuni_new,2025-06-24 16:59:40.394478
415,000887.SZ,19981203,,stockuni_new,2025-06-24 16:59:40.394478
416,000888.SZ,19971021,,stockuni_new,2025-06-24 16:59:40.394478
417,000889.SZ,19971218,,stockuni_new,2025-06-24 16:59:40.394478
418,000890.SZ,19990119,,stockuni_new,2025-06-24 16:59:40.394478
419,000892.SZ,19990115,,stockuni_new,2025-06-24 16:59:40.394478
420,000893.SZ,19981224,,stockuni_new,2025-06-24 16:59:40.394478
421,000895.SZ,19981210,,stockuni_new,2025-06-24 16:59:40.394478
422,000897.SZ,19990422,,stockuni_new,2025-06-24 16:59:40.394478
423,000898.SZ,19971225,,stockuni_new,2025-06-24 16:59:40.394478
424,000899.SZ,19971126,,stockuni_new,2025-06-24 16:59:40.394478
425,000900.SZ,19990128,,stockuni_new,2025-06-24 16:59:40.394478
426,000901.SZ,19990401,,stockuni_new,2025-06-24 16:59:40.394478
427,000902.SZ,19990408,,stockuni_new,2025-06-24 16:59:40.394478
428,000903.SZ,19990415,,stockuni_new,2025-06-24 16:59:40.394478
429,000905.SZ,19990429,,stockuni_new,2025-06-24 16:59:40.394478
430,000906.SZ,19990707,,stockuni_new,2025-06-24 16:59:40.394478
431,000908.SZ,19990203,,stockuni_new,2025-06-24 16:59:40.394478
432,000909.SZ,19990507,,stockuni_new,2025-06-24 16:59:40.394478
433,000910.SZ,19990630,,stockuni_new,2025-06-24 16:59:40.394478
434,000911.SZ,19990527,,stockuni_new,2025-06-24 16:59:40.394478
435,000912.SZ,19990603,,stockuni_new,2025-06-24 16:59:40.394478
436,000913.SZ,19990514,,stockuni_new,2025-06-24 16:59:40.394478
437,000915.SZ,19990609,,stockuni_new,2025-06-24 16:59:40.394478
438,000916.SZ,19990927,20171225.0,stockuni_new,2025-06-24 16:59:40.394478
439,000917.SZ,19990325,,stockuni_new,2025-06-24 16:59:40.394478
440,000918.SZ,19990720,20230728.0,stockuni_new,2025-06-24 16:59:40.394478
441,000919.SZ,19991118,,stockuni_new,2025-06-24 16:59:40.394478
442,000920.SZ,19990616,,stockuni_new,2025-06-24 16:59:40.394478
443,000921.SZ,19990713,,stockuni_new,2025-06-24 16:59:40.394478
444,000922.SZ,19990618,,stockuni_new,2025-06-24 16:59:40.394478
445,000923.SZ,19990714,,stockuni_new,2025-06-24 16:59:40.394478
446,000925.SZ,19990611,,stockuni_new,2025-06-24 16:59:40.394478
447,000926.SZ,19990618,,stockuni_new,2025-06-24 16:59:40.394478
448,000927.SZ,19990727,,stockuni_new,2025-06-24 16:59:40.394478
449,000928.SZ,19990312,,stockuni_new,2025-06-24 16:59:40.394478
450,000929.SZ,19990623,,stockuni_new,2025-06-24 16:59:40.394478
451,000930.SZ,19990712,,stockuni_new,2025-06-24 16:59:40.394478
452,000931.SZ,19990712,,stockuni_new,2025-06-24 16:59:40.394478
453,000932.SZ,19990803,,stockuni_new,2025-06-24 16:59:40.394478
454,000933.SZ,19990831,,stockuni_new,2025-06-24 16:59:40.394478
455,000935.SZ,19990824,,stockuni_new,2025-06-24 16:59:40.394478
456,000936.SZ,19990810,,stockuni_new,2025-06-24 16:59:40.394478
457,000937.SZ,19990909,,stockuni_new,2025-06-24 16:59:40.394478
458,000938.SZ,19991104,,stockuni_new,2025-06-24 16:59:40.394478
459,000939.SZ,19990923,20201217.0,stockuni_new,2025-06-24 16:59:40.394478
460,000948.SZ,19991014,,stockuni_new,2025-06-24 16:59:40.394478
461,000949.SZ,19991021,,stockuni_new,2025-06-24 16:59:40.394478
462,000950.SZ,19990916,,stockuni_new,2025-06-24 16:59:40.394478
463,000951.SZ,19991125,,stockuni_new,2025-06-24 16:59:40.394478
464,000952.SZ,19991112,,stockuni_new,2025-06-24 16:59:40.394478
465,000953.SZ,19991202,,stockuni_new,2025-06-24 16:59:40.394478
466,000955.SZ,19991209,,stockuni_new,2025-06-24 16:59:40.394478
467,000956.SZ,19991110,20060421.0,stockuni_new,2025-06-24 16:59:40.394478
468,000957.SZ,20000113,,stockuni_new,2025-06-24 16:59:40.394478
469,000958.SZ,19991223,,stockuni_new,2025-06-24 16:59:40.394478
470,000959.SZ,19991216,,stockuni_new,2025-06-24 16:59:40.394478
471,000960.SZ,20000221,,stockuni_new,2025-06-24 16:59:40.394478
472,000961.SZ,20000301,20240711.0,stockuni_new,2025-06-24 16:59:40.394478
473,000962.SZ,20000120,,stockuni_new,2025-06-24 16:59:40.394478
474,000963.SZ,20000127,,stockuni_new,2025-06-24 16:59:40.394478
475,000965.SZ,20000406,,stockuni_new,2025-06-24 16:59:40.394478
476,000966.SZ,20000316,,stockuni_new,2025-06-24 16:59:40.394478
477,000967.SZ,20000330,,stockuni_new,2025-06-24 16:59:40.394478
478,000968.SZ,20000622,,stockuni_new,2025-06-24 16:59:40.394478
479,000969.SZ,20000529,,stockuni_new,2025-06-24 16:59:40.394478
480,000970.SZ,20000420,,stockuni_new,2025-06-24 16:59:40.394478
481,000971.SZ,20000427,20240724.0,stockuni_new,2025-06-24 16:59:40.394478
482,000972.SZ,20000926,,stockuni_new,2025-06-24 16:59:40.394478
483,000973.SZ,20000525,,stockuni_new,2025-06-24 16:59:40.394478
484,000975.SZ,20000608,,stockuni_new,2025-06-24 16:59:40.394478
485,000976.SZ,20000601,20240827.0,stockuni_new,2025-06-24 16:59:40.394478
486,000977.SZ,20000608,,stockuni_new,2025-06-24 16:59:40.394478
487,000978.SZ,20000518,,stockuni_new,2025-06-24 16:59:40.394478
488,000979.SZ,20000616,20181228.0,stockuni_new,2025-06-24 16:59:40.394478
489,000980.SZ,20000616,,stockuni_new,2025-06-24 16:59:40.394478
490,000981.SZ,20000622,,stockuni_new,2025-06-24 16:59:40.394478
491,000982.SZ,20000706,20240812.0,stockuni_new,2025-06-24 16:59:40.394478
492,000983.SZ,20000726,,stockuni_new,2025-06-24 16:59:40.394478
493,000985.SZ,20000726,,stockuni_new,2025-06-24 16:59:40.394478
494,000987.SZ,20000718,,stockuni_new,2025-06-24 16:59:40.394478
495,000988.SZ,20000608,,stockuni_new,2025-06-24 16:59:40.394478
496,000989.SZ,20000628,,stockuni_new,2025-06-24 16:59:40.394478
497,000990.SZ,20000706,,stockuni_new,2025-06-24 16:59:40.394478
498,000993.SZ,20000731,,stockuni_new,2025-06-24 16:59:40.394478
499,000995.SZ,20000807,,stockuni_new,2025-06-24 16:59:40.394478
500,000996.SZ,20000718,20240628.0,stockuni_new,2025-06-24 16:59:40.394478
501,000997.SZ,20000807,,stockuni_new,2025-06-24 16:59:40.394478
502,000998.SZ,20001211,,stockuni_new,2025-06-24 16:59:40.394478
503,000999.SZ,20000309,,stockuni_new,2025-06-24 16:59:40.394478
504,001201.SZ,20210428,,stockuni_new,2025-06-24 16:59:40.394478
505,001202.SZ,20210429,,stockuni_new,2025-06-24 16:59:40.394478
506,001203.SZ,20210510,,stockuni_new,2025-06-24 16:59:40.394478
507,001205.SZ,20210513,,stockuni_new,2025-06-24 16:59:40.394478
508,001206.SZ,20210518,,stockuni_new,2025-06-24 16:59:40.394478
509,001207.SZ,20210623,,stockuni_new,2025-06-24 16:59:40.394478
510,001208.SZ,20210624,,stockuni_new,2025-06-24 16:59:40.394478
511,001209.SZ,20210723,,stockuni_new,2025-06-24 16:59:40.394478
512,001210.SZ,20210729,,stockuni_new,2025-06-24 16:59:40.394478
513,001211.SZ,20210805,,stockuni_new,2025-06-24 16:59:40.394478
514,001212.SZ,20210823,,stockuni_new,2025-06-24 16:59:40.394478
515,001213.SZ,20210908,,stockuni_new,2025-06-24 16:59:40.394478
516,001215.SZ,20210906,,stockuni_new,2025-06-24 16:59:40.394478
517,001216.SZ,20211019,,stockuni_new,2025-06-24 16:59:40.394478
518,001217.SZ,20210929,,stockuni_new,2025-06-24 16:59:40.394478
519,001218.SZ,20211015,,stockuni_new,2025-06-24 16:59:40.394478
520,001219.SZ,20211021,,stockuni_new,2025-06-24 16:59:40.394478
521,001222.SZ,20220818,,stockuni_new,2025-06-24 16:59:40.394478
522,001223.SZ,20221212,,stockuni_new,2025-06-24 16:59:40.394478
523,001225.SZ,20230222,,stockuni_new,2025-06-24 16:59:40.394478
524,001226.SZ,20220622,,stockuni_new,2025-06-24 16:59:40.394478
525,001227.SZ,20220117,,stockuni_new,2025-06-24 16:59:40.394478
526,001228.SZ,20220429,,stockuni_new,2025-06-24 16:59:40.394478
527,001229.SZ,20220808,,stockuni_new,2025-06-24 16:59:40.394478
528,001230.SZ,20220715,,stockuni_new,2025-06-24 16:59:40.394478
529,001231.SZ,20220819,,stockuni_new,2025-06-24 16:59:40.394478
530,001234.SZ,20220111,,stockuni_new,2025-06-24 16:59:40.394478
531,001236.SZ,20220805,,stockuni_new,2025-06-24 16:59:40.394478
532,001238.SZ,20220919,,stockuni_new,2025-06-24 16:59:40.394478
533,001239.SZ,20231212,,stockuni_new,2025-06-24 16:59:40.394478
534,001255.SZ,20220930,,stockuni_new,2025-06-24 16:59:40.394478
535,001256.SZ,20221205,,stockuni_new,2025-06-24 16:59:40.394478
536,001258.SZ,20220727,,stockuni_new,2025-06-24 16:59:40.394478
537,001259.SZ,20220831,,stockuni_new,2025-06-24 16:59:40.394478
538,001260.SZ,20230216,,stockuni_new,2025-06-24 16:59:40.394478
539,001266.SZ,20220228,,stockuni_new,2025-06-24 16:59:40.394478
540,001267.SZ,20211117,,stockuni_new,2025-06-24 16:59:40.394478
541,001268.SZ,20220630,,stockuni_new,2025-06-24 16:59:40.394478
542,001269.SZ,20220930,,stockuni_new,2025-06-24 16:59:40.394478
543,001270.SZ,20220606,,stockuni_new,2025-06-24 16:59:40.394478
544,001277.SZ,20240903,,stockuni_new,2025-06-24 16:59:40.394478
545,001278.SZ,20230308,,stockuni_new,2025-06-24 16:59:40.394478
546,001279.SZ,20241011,,stockuni_new,2025-06-24 16:59:40.394478
547,001282.SZ,20230524,,stockuni_new,2025-06-24 16:59:40.394478
548,001283.SZ,20220905,,stockuni_new,2025-06-24 16:59:40.394478
549,001286.SZ,20230410,,stockuni_new,2025-06-24 16:59:40.394478
550,001287.SZ,20230410,,stockuni_new,2025-06-24 16:59:40.394478
551,001288.SZ,20211101,,stockuni_new,2025-06-24 16:59:40.394478
552,001289.SZ,20220124,,stockuni_new,2025-06-24 16:59:40.394478
553,001296.SZ,20211224,,stockuni_new,2025-06-24 16:59:40.394478
554,001298.SZ,20221031,,stockuni_new,2025-06-24 16:59:40.394478
555,001299.SZ,20221031,,stockuni_new,2025-06-24 16:59:40.394478
556,001300.SZ,20221019,,stockuni_new,2025-06-24 16:59:40.394478
557,001301.SZ,20221228,,stockuni_new,2025-06-24 16:59:40.394478
558,001306.SZ,20231116,,stockuni_new,2025-06-24 16:59:40.394478
559,001308.SZ,20220318,,stockuni_new,2025-06-24 16:59:40.394478
560,001309.SZ,20220701,,stockuni_new,2025-06-24 16:59:40.394478
561,001311.SZ,20230227,,stockuni_new,2025-06-24 16:59:40.394478
562,001313.SZ,20220216,,stockuni_new,2025-06-24 16:59:40.394478
563,001314.SZ,20230214,,stockuni_new,2025-06-24 16:59:40.394478
564,001316.SZ,20220624,,stockuni_new,2025-06-24 16:59:40.394478
565,001317.SZ,20211130,,stockuni_new,2025-06-24 16:59:40.394478
566,001318.SZ,20220520,,stockuni_new,2025-06-24 16:59:40.394478
567,001319.SZ,20220512,,stockuni_new,2025-06-24 16:59:40.394478
568,001322.SZ,20221026,,stockuni_new,2025-06-24 16:59:40.394478
569,001323.SZ,20220623,,stockuni_new,2025-06-24 16:59:40.394478
570,001324.SZ,20230522,,stockuni_new,2025-06-24 16:59:40.394478
571,001326.SZ,20231109,,stockuni_new,2025-06-24 16:59:40.394478
572,001328.SZ,20230410,,stockuni_new,2025-06-24 16:59:40.394478
573,001330.SZ,20220818,,stockuni_new,2025-06-24 16:59:40.394478
574,001331.SZ,20220908,,stockuni_new,2025-06-24 16:59:40.394478
575,001332.SZ,20220920,,stockuni_new,2025-06-24 16:59:40.394478
576,001333.SZ,20221208,,stockuni_new,2025-06-24 16:59:40.394478
577,001336.SZ,20220725,,stockuni_new,2025-06-24 16:59:40.394478
578,001337.SZ,20230303,,stockuni_new,2025-06-24 16:59:40.394478
579,001338.SZ,20221116,,stockuni_new,2025-06-24 16:59:40.394478
580,001339.SZ,20220815,,stockuni_new,2025-06-24 16:59:40.394478
581,001358.SZ,20231221,,stockuni_new,2025-06-24 16:59:40.394478
582,001359.SZ,20240328,,stockuni_new,2025-06-24 16:59:40.394478
583,001360.SZ,20230410,,stockuni_new,2025-06-24 16:59:40.394478
584,001366.SZ,20230307,,stockuni_new,2025-06-24 16:59:40.394478
585,001367.SZ,20230410,,stockuni_new,2025-06-24 16:59:40.394478
586,001368.SZ,20230313,,stockuni_new,2025-06-24 16:59:40.394478
587,001373.SZ,20230601,,stockuni_new,2025-06-24 16:59:40.394478
588,001376.SZ,20231103,,stockuni_new,2025-06-24 16:59:40.394478
589,001378.SZ,20231030,,stockuni_new,2025-06-24 16:59:40.394478
590,001379.SZ,20240119,,stockuni_new,2025-06-24 16:59:40.394478
591,001380.SZ,20230516,,stockuni_new,2025-06-24 16:59:40.394478
592,001387.SZ,20240111,,stockuni_new,2025-06-24 16:59:40.394478
593,001389.SZ,20240402,,stockuni_new,2025-06-24 16:59:40.394478
594,001696.SZ,19970306,,stockuni_new,2025-06-24 16:59:40.394478
595,001872.SZ,19930505,,stockuni_new,2025-06-24 16:59:40.394478
596,001896.SZ,19980122,,stockuni_new,2025-06-24 16:59:40.394478
597,001914.SZ,19940928,,stockuni_new,2025-06-24 16:59:40.394478
598,001965.SZ,20171225,,stockuni_new,2025-06-24 16:59:40.394478
599,001979.SZ,20151230,,stockuni_new,2025-06-24 16:59:40.394478
600,002001.SZ,20040625,,stockuni_new,2025-06-24 16:59:40.394478
601,002002.SZ,20040625,20240318.0,stockuni_new,2025-06-24 16:59:40.394478
602,002003.SZ,20040625,,stockuni_new,2025-06-24 16:59:40.394478
603,002004.SZ,20040625,,stockuni_new,2025-06-24 16:59:40.394478
604,002005.SZ,20040625,,stockuni_new,2025-06-24 16:59:40.394478
605,002006.SZ,20040625,,stockuni_new,2025-06-24 16:59:40.394478
606,002007.SZ,20040625,,stockuni_new,2025-06-24 16:59:40.394478
607,002008.SZ,20040625,,stockuni_new,2025-06-24 16:59:40.394478
608,002009.SZ,20040629,,stockuni_new,2025-06-24 16:59:40.394478
609,002010.SZ,20040629,,stockuni_new,2025-06-24 16:59:40.394478
610,002011.SZ,20040705,,stockuni_new,2025-06-24 16:59:40.394478
611,002012.SZ,20040705,,stockuni_new,2025-06-24 16:59:40.394478
612,002013.SZ,20040705,20230317.0,stockuni_new,2025-06-24 16:59:40.394478
613,002014.SZ,20040708,,stockuni_new,2025-06-24 16:59:40.394478
614,002015.SZ,20040708,,stockuni_new,2025-06-24 16:59:40.394478
615,002016.SZ,20040708,,stockuni_new,2025-06-24 16:59:40.394478
616,002017.SZ,20040713,,stockuni_new,2025-06-24 16:59:40.394478
617,002018.SZ,20040713,20191101.0,stockuni_new,2025-06-24 16:59:40.394478
618,002019.SZ,20040713,,stockuni_new,2025-06-24 16:59:40.394478
619,002020.SZ,20040715,,stockuni_new,2025-06-24 16:59:40.394478
620,002021.SZ,20040715,,stockuni_new,2025-06-24 16:59:40.394478
621,002022.SZ,20040721,,stockuni_new,2025-06-24 16:59:40.394478
622,002023.SZ,20040721,,stockuni_new,2025-06-24 16:59:40.394478
623,002024.SZ,20040721,,stockuni_new,2025-06-24 16:59:40.394478
624,002025.SZ,20040726,,stockuni_new,2025-06-24 16:59:40.394478
625,002026.SZ,20040727,,stockuni_new,2025-06-24 16:59:40.394478
626,002027.SZ,20040804,,stockuni_new,2025-06-24 16:59:40.394478
627,002028.SZ,20040805,,stockuni_new,2025-06-24 16:59:40.394478
628,002029.SZ,20040806,,stockuni_new,2025-06-24 16:59:40.394478
629,002030.SZ,20040809,,stockuni_new,2025-06-24 16:59:40.394478
630,002031.SZ,20040816,,stockuni_new,2025-06-24 16:59:40.394478
631,002032.SZ,20040817,,stockuni_new,2025-06-24 16:59:40.394478
632,002033.SZ,20040825,,stockuni_new,2025-06-24 16:59:40.394478
633,002034.SZ,20040826,,stockuni_new,2025-06-24 16:59:40.394478
634,002035.SZ,20040901,,stockuni_new,2025-06-24 16:59:40.394478
635,002036.SZ,20040903,,stockuni_new,2025-06-24 16:59:40.394478
636,002037.SZ,20040908,,stockuni_new,2025-06-24 16:59:40.394478
637,002038.SZ,20040909,,stockuni_new,2025-06-24 16:59:40.394478
638,002039.SZ,20050303,,stockuni_new,2025-06-24 16:59:40.394478
639,002040.SZ,20050325,,stockuni_new,2025-06-24 16:59:40.394478
640,002041.SZ,20050418,,stockuni_new,2025-06-24 16:59:40.394478
641,002042.SZ,20050427,,stockuni_new,2025-06-24 16:59:40.394478
642,002043.SZ,20050510,,stockuni_new,2025-06-24 16:59:40.394478
643,002044.SZ,20050518,,stockuni_new,2025-06-24 16:59:40.394478
644,002045.SZ,20050523,,stockuni_new,2025-06-24 16:59:40.394478
645,002046.SZ,20050526,,stockuni_new,2025-06-24 16:59:40.394478
646,002047.SZ,20050531,,stockuni_new,2025-06-24 16:59:40.394478
647,002048.SZ,20050603,,stockuni_new,2025-06-24 16:59:40.394478
648,002049.SZ,20050606,,stockuni_new,2025-06-24 16:59:40.394478
649,002050.SZ,20050607,,stockuni_new,2025-06-24 16:59:40.394478
650,002051.SZ,20060619,,stockuni_new,2025-06-24 16:59:40.394478
651,002052.SZ,20060627,,stockuni_new,2025-06-24 16:59:40.394478
652,002053.SZ,20060627,,stockuni_new,2025-06-24 16:59:40.394478
653,002054.SZ,20060725,,stockuni_new,2025-06-24 16:59:40.394478
654,002055.SZ,20060725,,stockuni_new,2025-06-24 16:59:40.394478
655,002056.SZ,20060802,,stockuni_new,2025-06-24 16:59:40.394478
656,002057.SZ,20060802,,stockuni_new,2025-06-24 16:59:40.394478
657,002058.SZ,20060802,,stockuni_new,2025-06-24 16:59:40.394478
658,002059.SZ,20060810,,stockuni_new,2025-06-24 16:59:40.394478
659,002060.SZ,20060810,,stockuni_new,2025-06-24 16:59:40.394478
660,002061.SZ,20060816,,stockuni_new,2025-06-24 16:59:40.394478
661,002062.SZ,20060816,,stockuni_new,2025-06-24 16:59:40.394478
662,002063.SZ,20060823,,stockuni_new,2025-06-24 16:59:40.394478
663,002064.SZ,20060823,,stockuni_new,2025-06-24 16:59:40.394478
664,002065.SZ,20060823,,stockuni_new,2025-06-24 16:59:40.394478
665,002066.SZ,20060823,,stockuni_new,2025-06-24 16:59:40.394478
666,002067.SZ,20060915,,stockuni_new,2025-06-24 16:59:40.394478
667,002068.SZ,20060915,,stockuni_new,2025-06-24 16:59:40.394478
668,002069.SZ,20060928,,stockuni_new,2025-06-24 16:59:40.394478
669,002070.SZ,20061012,20190709.0,stockuni_new,2025-06-24 16:59:40.394478
670,002071.SZ,20061012,20210507.0,stockuni_new,2025-06-24 16:59:40.394478
671,002072.SZ,20061018,,stockuni_new,2025-06-24 16:59:40.394478
672,002073.SZ,20061018,,stockuni_new,2025-06-24 16:59:40.394478
673,002074.SZ,20061018,,stockuni_new,2025-06-24 16:59:40.394478
674,002075.SZ,20061025,,stockuni_new,2025-06-24 16:59:40.394478
675,002076.SZ,20061025,,stockuni_new,2025-06-24 16:59:40.394478
676,002077.SZ,20061116,,stockuni_new,2025-06-24 16:59:40.394478
677,002078.SZ,20061116,,stockuni_new,2025-06-24 16:59:40.394478
678,002079.SZ,20061116,,stockuni_new,2025-06-24 16:59:40.394478
679,002080.SZ,20061120,,stockuni_new,2025-06-24 16:59:40.394478
680,002081.SZ,20061120,,stockuni_new,2025-06-24 16:59:40.394478
681,002082.SZ,20061120,,stockuni_new,2025-06-24 16:59:40.394478
682,002083.SZ,20061124,,stockuni_new,2025-06-24 16:59:40.394478
683,002084.SZ,20061124,,stockuni_new,2025-06-24 16:59:40.394478
684,002085.SZ,20061128,,stockuni_new,2025-06-24 16:59:40.394478
685,002086.SZ,20061128,,stockuni_new,2025-06-24 16:59:40.394478
686,002087.SZ,20061130,20240628.0,stockuni_new,2025-06-24 16:59:40.394478
687,002088.SZ,20061130,,stockuni_new,2025-06-24 16:59:40.394478
688,002089.SZ,20061130,20240418.0,stockuni_new,2025-06-24 16:59:40.394478
689,002090.SZ,20061208,,stockuni_new,2025-06-24 16:59:40.394478
690,002091.SZ,20061208,,stockuni_new,2025-06-24 16:59:40.394478
691,002092.SZ,20061208,,stockuni_new,2025-06-24 16:59:40.394478
692,002093.SZ,20061215,,stockuni_new,2025-06-24 16:59:40.394478
693,002094.SZ,20061215,,stockuni_new,2025-06-24 16:59:40.394478
694,002095.SZ,20061215,,stockuni_new,2025-06-24 16:59:40.394478
695,002096.SZ,20061222,,stockuni_new,2025-06-24 16:59:40.394478
696,002097.SZ,20061222,,stockuni_new,2025-06-24 16:59:40.394478
697,002098.SZ,20061222,,stockuni_new,2025-06-24 16:59:40.394478
698,002099.SZ,20061226,,stockuni_new,2025-06-24 16:59:40.394478
699,002100.SZ,20061226,,stockuni_new,2025-06-24 16:59:40.394478
700,002101.SZ,20061229,,stockuni_new,2025-06-24 16:59:40.394478
701,002102.SZ,20061229,,stockuni_new,2025-06-24 16:59:40.394478
702,002103.SZ,20070110,,stockuni_new,2025-06-24 16:59:40.394478
703,002104.SZ,20070110,,stockuni_new,2025-06-24 16:59:40.394478
704,002105.SZ,20070112,,stockuni_new,2025-06-24 16:59:40.394478
705,002106.SZ,20070112,,stockuni_new,2025-06-24 16:59:40.394478
706,002107.SZ,20070124,,stockuni_new,2025-06-24 16:59:40.394478
707,002108.SZ,20070124,,stockuni_new,2025-06-24 16:59:40.394478
708,002109.SZ,20070126,,stockuni_new,2025-06-24 16:59:40.394478
709,002110.SZ,20070126,,stockuni_new,2025-06-24 16:59:40.394478
710,002111.SZ,20070126,,stockuni_new,2025-06-24 16:59:40.394478
711,002112.SZ,20070208,,stockuni_new,2025-06-24 16:59:40.394478
712,002113.SZ,20070208,20230811.0,stockuni_new,2025-06-24 16:59:40.394478
713,002114.SZ,20070215,,stockuni_new,2025-06-24 16:59:40.394478
714,002115.SZ,20070215,,stockuni_new,2025-06-24 16:59:40.394478
715,002116.SZ,20070215,,stockuni_new,2025-06-24 16:59:40.394478
716,002117.SZ,20070302,,stockuni_new,2025-06-24 16:59:40.394478
717,002118.SZ,20070302,20230804.0,stockuni_new,2025-06-24 16:59:40.394478
718,002119.SZ,20070302,,stockuni_new,2025-06-24 16:59:40.394478
719,002120.SZ,20070306,,stockuni_new,2025-06-24 16:59:40.394478
720,002121.SZ,20070306,,stockuni_new,2025-06-24 16:59:40.394478
721,002122.SZ,20070328,,stockuni_new,2025-06-24 16:59:40.394478
722,002123.SZ,20070328,,stockuni_new,2025-06-24 16:59:40.394478
723,002124.SZ,20070403,,stockuni_new,2025-06-24 16:59:40.394478
724,002125.SZ,20070403,,stockuni_new,2025-06-24 16:59:40.394478
725,002126.SZ,20070418,,stockuni_new,2025-06-24 16:59:40.394478
726,002127.SZ,20070418,,stockuni_new,2025-06-24 16:59:40.394478
727,002128.SZ,20070418,,stockuni_new,2025-06-24 16:59:40.394478
728,002129.SZ,20070420,,stockuni_new,2025-06-24 16:59:40.394478
729,002130.SZ,20070420,,stockuni_new,2025-06-24 16:59:40.394478
730,002131.SZ,20070427,,stockuni_new,2025-06-24 16:59:40.394478
731,002132.SZ,20070427,,stockuni_new,2025-06-24 16:59:40.394478
732,002133.SZ,20070427,,stockuni_new,2025-06-24 16:59:40.394478
733,002134.SZ,20070516,,stockuni_new,2025-06-24 16:59:40.394478
734,002135.SZ,20070530,,stockuni_new,2025-06-24 16:59:40.394478
735,002136.SZ,20070530,,stockuni_new,2025-06-24 16:59:40.394478
736,002137.SZ,20070613,,stockuni_new,2025-06-24 16:59:40.394478
737,002138.SZ,20070613,,stockuni_new,2025-06-24 16:59:40.394478
738,002139.SZ,20070629,,stockuni_new,2025-06-24 16:59:40.394478
739,002140.SZ,20070712,,stockuni_new,2025-06-24 16:59:40.394478
740,002141.SZ,20070720,,stockuni_new,2025-06-24 16:59:40.394478
741,002142.SZ,20070719,,stockuni_new,2025-06-24 16:59:40.394478
742,002143.SZ,20070720,20191129.0,stockuni_new,2025-06-24 16:59:40.394478
743,002144.SZ,20070803,,stockuni_new,2025-06-24 16:59:40.394478
744,002145.SZ,20070803,,stockuni_new,2025-06-24 16:59:40.394478
745,002146.SZ,20070808,,stockuni_new,2025-06-24 16:59:40.394478
746,002147.SZ,20070808,20220623.0,stockuni_new,2025-06-24 16:59:40.394478
747,002148.SZ,20070810,,stockuni_new,2025-06-24 16:59:40.394478
748,002149.SZ,20070810,,stockuni_new,2025-06-24 16:59:40.394478
749,002150.SZ,20070810,,stockuni_new,2025-06-24 16:59:40.394478
750,002151.SZ,20070813,,stockuni_new,2025-06-24 16:59:40.394478
751,002152.SZ,20070813,,stockuni_new,2025-06-24 16:59:40.394478
752,002153.SZ,20070813,,stockuni_new,2025-06-24 16:59:40.394478
753,002154.SZ,20070816,,stockuni_new,2025-06-24 16:59:40.394478
754,002155.SZ,20070816,,stockuni_new,2025-06-24 16:59:40.394478
755,002156.SZ,20070816,,stockuni_new,2025-06-24 16:59:40.394478
756,002157.SZ,20070817,,stockuni_new,2025-06-24 16:59:40.394478
757,002158.SZ,20070817,,stockuni_new,2025-06-24 16:59:40.394478
758,002159.SZ,20070817,,stockuni_new,2025-06-24 16:59:40.394478
759,002160.SZ,20070821,,stockuni_new,2025-06-24 16:59:40.394478
760,002161.SZ,20070821,,stockuni_new,2025-06-24 16:59:40.394478
761,002162.SZ,20070823,,stockuni_new,2025-06-24 16:59:40.394478
762,002163.SZ,20070823,,stockuni_new,2025-06-24 16:59:40.394478
763,002164.SZ,20070823,,stockuni_new,2025-06-24 16:59:40.394478
764,002165.SZ,20070913,,stockuni_new,2025-06-24 16:59:40.394478
765,002166.SZ,20070913,,stockuni_new,2025-06-24 16:59:40.394478
766,002167.SZ,20070913,,stockuni_new,2025-06-24 16:59:40.394478
767,002168.SZ,20070919,,stockuni_new,2025-06-24 16:59:40.394478
768,002169.SZ,20070919,,stockuni_new,2025-06-24 16:59:40.394478
769,002170.SZ,20070919,,stockuni_new,2025-06-24 16:59:40.394478
770,002171.SZ,20070921,,stockuni_new,2025-06-24 16:59:40.394478
771,002172.SZ,20070921,,stockuni_new,2025-06-24 16:59:40.394478
772,002173.SZ,20070925,,stockuni_new,2025-06-24 16:59:40.394478
773,002174.SZ,20070925,,stockuni_new,2025-06-24 16:59:40.394478
774,002175.SZ,20071012,,stockuni_new,2025-06-24 16:59:40.394478
775,002176.SZ,20071012,,stockuni_new,2025-06-24 16:59:40.394478
776,002177.SZ,20071101,,stockuni_new,2025-06-24 16:59:40.394478
777,002178.SZ,20071101,,stockuni_new,2025-06-24 16:59:40.394478
778,002179.SZ,20071101,,stockuni_new,2025-06-24 16:59:40.394478
779,002180.SZ,20071113,,stockuni_new,2025-06-24 16:59:40.394478
780,002181.SZ,20071116,,stockuni_new,2025-06-24 16:59:40.394478
781,002182.SZ,20071113,,stockuni_new,2025-06-24 16:59:40.394478
782,002183.SZ,20071113,,stockuni_new,2025-06-24 16:59:40.394478
783,002184.SZ,20071116,,stockuni_new,2025-06-24 16:59:40.394478
784,002185.SZ,20071120,,stockuni_new,2025-06-24 16:59:40.394478
785,002186.SZ,20071120,,stockuni_new,2025-06-24 16:59:40.394478
786,002187.SZ,20071122,,stockuni_new,2025-06-24 16:59:40.394478
787,002188.SZ,20071122,,stockuni_new,2025-06-24 16:59:40.394478
788,002189.SZ,20071203,,stockuni_new,2025-06-24 16:59:40.394478
789,002190.SZ,20071203,,stockuni_new,2025-06-24 16:59:40.394478
790,002191.SZ,20071205,,stockuni_new,2025-06-24 16:59:40.394478
791,002192.SZ,20071205,,stockuni_new,2025-06-24 16:59:40.394478
792,002193.SZ,20071207,,stockuni_new,2025-06-24 16:59:40.394478
793,002194.SZ,20071207,,stockuni_new,2025-06-24 16:59:40.394478
794,002195.SZ,20071212,,stockuni_new,2025-06-24 16:59:40.394478
795,002196.SZ,20071212,,stockuni_new,2025-06-24 16:59:40.394478
796,002197.SZ,20071218,,stockuni_new,2025-06-24 16:59:40.394478
797,002198.SZ,20071218,,stockuni_new,2025-06-24 16:59:40.394478
798,002199.SZ,20071221,,stockuni_new,2025-06-24 16:59:40.394478
799,002200.SZ,20071221,,stockuni_new,2025-06-24 16:59:40.394478
800,002201.SZ,20071226,,stockuni_new,2025-06-24 16:59:40.394478
801,002202.SZ,20071226,,stockuni_new,2025-06-24 16:59:40.394478
802,002203.SZ,20080116,,stockuni_new,2025-06-24 16:59:40.394478
803,002204.SZ,20080116,,stockuni_new,2025-06-24 16:59:40.394478
804,002205.SZ,20080123,,stockuni_new,2025-06-24 16:59:40.394478
805,002206.SZ,20080123,,stockuni_new,2025-06-24 16:59:40.394478
806,002207.SZ,20080128,,stockuni_new,2025-06-24 16:59:40.394478
807,002208.SZ,20080128,,stockuni_new,2025-06-24 16:59:40.394478
808,002209.SZ,20080130,,stockuni_new,2025-06-24 16:59:40.394478
809,002210.SZ,20080130,,stockuni_new,2025-06-24 16:59:40.394478
810,002211.SZ,20080201,,stockuni_new,2025-06-24 16:59:40.394478
811,002212.SZ,20080201,,stockuni_new,2025-06-24 16:59:40.394478
812,002213.SZ,20080201,,stockuni_new,2025-06-24 16:59:40.394478
813,002214.SZ,20080218,,stockuni_new,2025-06-24 16:59:40.394478
814,002215.SZ,20080218,,stockuni_new,2025-06-24 16:59:40.394478
815,002216.SZ,20080220,,stockuni_new,2025-06-24 16:59:40.394478
816,002217.SZ,20080220,,stockuni_new,2025-06-24 16:59:40.394478
817,002218.SZ,20080228,,stockuni_new,2025-06-24 16:59:40.394478
818,002219.SZ,20080306,,stockuni_new,2025-06-24 16:59:40.394478
819,002220.SZ,20080228,20200811.0,stockuni_new,2025-06-24 16:59:40.394478
820,002221.SZ,20080306,,stockuni_new,2025-06-24 16:59:40.394478
821,002222.SZ,20080319,,stockuni_new,2025-06-24 16:59:40.394478
822,002223.SZ,20080418,,stockuni_new,2025-06-24 16:59:40.394478
823,002224.SZ,20080425,,stockuni_new,2025-06-24 16:59:40.394478
824,002225.SZ,20080425,,stockuni_new,2025-06-24 16:59:40.394478
825,002226.SZ,20080506,,stockuni_new,2025-06-24 16:59:40.394478
826,002227.SZ,20080506,,stockuni_new,2025-06-24 16:59:40.394478
827,002228.SZ,20080508,,stockuni_new,2025-06-24 16:59:40.394478
828,002229.SZ,20080508,,stockuni_new,2025-06-24 16:59:40.394478
829,002230.SZ,20080512,,stockuni_new,2025-06-24 16:59:40.394478
830,002231.SZ,20080512,,stockuni_new,2025-06-24 16:59:40.394478
831,002232.SZ,20080509,,stockuni_new,2025-06-24 16:59:40.394478
832,002233.SZ,20080516,,stockuni_new,2025-06-24 16:59:40.394478
833,002234.SZ,20080516,,stockuni_new,2025-06-24 16:59:40.394478
834,002235.SZ,20080516,,stockuni_new,2025-06-24 16:59:40.394478
835,002236.SZ,20080520,,stockuni_new,2025-06-24 16:59:40.394478
836,002237.SZ,20080520,,stockuni_new,2025-06-24 16:59:40.394478
837,002238.SZ,20080526,,stockuni_new,2025-06-24 16:59:40.394478
838,002239.SZ,20080522,,stockuni_new,2025-06-24 16:59:40.394478
839,002240.SZ,20080523,,stockuni_new,2025-06-24 16:59:40.394478
840,002241.SZ,20080522,,stockuni_new,2025-06-24 16:59:40.394478
841,002242.SZ,20080528,,stockuni_new,2025-06-24 16:59:40.394478
842,002243.SZ,20080528,,stockuni_new,2025-06-24 16:59:40.394478
843,002244.SZ,20080529,,stockuni_new,2025-06-24 16:59:40.394478
844,002245.SZ,20080605,,stockuni_new,2025-06-24 16:59:40.394478
845,002246.SZ,20080605,,stockuni_new,2025-06-24 16:59:40.394478
846,002247.SZ,20080612,,stockuni_new,2025-06-24 16:59:40.394478
847,002248.SZ,20080612,,stockuni_new,2025-06-24 16:59:40.394478
848,002249.SZ,20080619,,stockuni_new,2025-06-24 16:59:40.394478
849,002250.SZ,20080619,,stockuni_new,2025-06-24 16:59:40.394478
850,002251.SZ,20080619,,stockuni_new,2025-06-24 16:59:40.394478
851,002252.SZ,20080623,,stockuni_new,2025-06-24 16:59:40.394478
852,002253.SZ,20080623,,stockuni_new,2025-06-24 16:59:40.394478
853,002254.SZ,20080625,,stockuni_new,2025-06-24 16:59:40.394478
854,002255.SZ,20080625,,stockuni_new,2025-06-24 16:59:40.394478
855,002256.SZ,20080625,,stockuni_new,2025-06-24 16:59:40.394478
856,002258.SZ,20080708,,stockuni_new,2025-06-24 16:59:40.394478
857,002259.SZ,20080716,,stockuni_new,2025-06-24 16:59:40.394478
858,002260.SZ,20080716,20220617.0,stockuni_new,2025-06-24 16:59:40.394478
859,002261.SZ,20080723,,stockuni_new,2025-06-24 16:59:40.394478
860,002262.SZ,20080723,,stockuni_new,2025-06-24 16:59:40.394478
861,002263.SZ,20080728,,stockuni_new,2025-06-24 16:59:40.394478
862,002264.SZ,20080731,,stockuni_new,2025-06-24 16:59:40.394478
863,002265.SZ,20080806,,stockuni_new,2025-06-24 16:59:40.394478
864,002266.SZ,20080806,,stockuni_new,2025-06-24 16:59:40.394478
865,002267.SZ,20080813,,stockuni_new,2025-06-24 16:59:40.394478
866,002268.SZ,20080811,,stockuni_new,2025-06-24 16:59:40.394478
867,002269.SZ,20080828,,stockuni_new,2025-06-24 16:59:40.394478
868,002270.SZ,20080905,,stockuni_new,2025-06-24 16:59:40.394478
869,002271.SZ,20080910,,stockuni_new,2025-06-24 16:59:40.394478
870,002272.SZ,20080919,,stockuni_new,2025-06-24 16:59:40.394478
871,002273.SZ,20080919,,stockuni_new,2025-06-24 16:59:40.394478
872,002274.SZ,20080925,,stockuni_new,2025-06-24 16:59:40.394478
873,002275.SZ,20090710,,stockuni_new,2025-06-24 16:59:40.394478
874,002276.SZ,20090710,,stockuni_new,2025-06-24 16:59:40.394478
875,002277.SZ,20090717,,stockuni_new,2025-06-24 16:59:40.394478
876,002278.SZ,20090811,,stockuni_new,2025-06-24 16:59:40.394478
877,002279.SZ,20090811,,stockuni_new,2025-06-24 16:59:40.394478
878,002280.SZ,20090821,20240816.0,stockuni_new,2025-06-24 16:59:40.394478
879,002281.SZ,20090821,,stockuni_new,2025-06-24 16:59:40.394478
880,002282.SZ,20090821,,stockuni_new,2025-06-24 16:59:40.394478
881,002283.SZ,20090821,,stockuni_new,2025-06-24 16:59:40.394478
882,002284.SZ,20090828,,stockuni_new,2025-06-24 16:59:40.394478
883,002285.SZ,20090828,,stockuni_new,2025-06-24 16:59:40.394478
884,002286.SZ,20090828,,stockuni_new,2025-06-24 16:59:40.394478
885,002287.SZ,20090828,,stockuni_new,2025-06-24 16:59:40.394478
886,002288.SZ,20090903,20240819.0,stockuni_new,2025-06-24 16:59:40.394478
887,002289.SZ,20090903,,stockuni_new,2025-06-24 16:59:40.394478
888,002290.SZ,20090903,,stockuni_new,2025-06-24 16:59:40.394478
889,002291.SZ,20090903,,stockuni_new,2025-06-24 16:59:40.394478
890,002292.SZ,20090910,,stockuni_new,2025-06-24 16:59:40.394478
891,002293.SZ,20090910,,stockuni_new,2025-06-24 16:59:40.394478
892,002294.SZ,20090910,,stockuni_new,2025-06-24 16:59:40.394478
893,002295.SZ,20090929,,stockuni_new,2025-06-24 16:59:40.394478
894,002296.SZ,20090929,,stockuni_new,2025-06-24 16:59:40.394478
895,002297.SZ,20090929,,stockuni_new,2025-06-24 16:59:40.394478
896,002298.SZ,20090929,,stockuni_new,2025-06-24 16:59:40.394478
897,002299.SZ,20091021,,stockuni_new,2025-06-24 16:59:40.394478
898,002300.SZ,20091021,,stockuni_new,2025-06-24 16:59:40.394478
899,002301.SZ,20091021,,stockuni_new,2025-06-24 16:59:40.394478
900,002302.SZ,20091103,,stockuni_new,2025-06-24 16:59:40.394478
901,002303.SZ,20091103,,stockuni_new,2025-06-24 16:59:40.394478
902,002304.SZ,20091106,,stockuni_new,2025-06-24 16:59:40.394478
903,002305.SZ,20091106,,stockuni_new,2025-06-24 16:59:40.394478
904,002306.SZ,20091111,,stockuni_new,2025-06-24 16:59:40.394478
905,002307.SZ,20091111,,stockuni_new,2025-06-24 16:59:40.394478
906,002308.SZ,20091127,20240927.0,stockuni_new,2025-06-24 16:59:40.394478
907,002309.SZ,20091127,,stockuni_new,2025-06-24 16:59:40.394478
908,002310.SZ,20091127,,stockuni_new,2025-06-24 16:59:40.394478
909,002311.SZ,20091127,,stockuni_new,2025-06-24 16:59:40.394478
910,002312.SZ,20091203,,stockuni_new,2025-06-24 16:59:40.394478
911,002313.SZ,20091203,,stockuni_new,2025-06-24 16:59:40.394478
912,002314.SZ,20091203,,stockuni_new,2025-06-24 16:59:40.394478
913,002315.SZ,20091209,,stockuni_new,2025-06-24 16:59:40.394478
914,002316.SZ,20091209,,stockuni_new,2025-06-24 16:59:40.394478
915,002317.SZ,20091211,,stockuni_new,2025-06-24 16:59:40.394478
916,002318.SZ,20091211,,stockuni_new,2025-06-24 16:59:40.394478
917,002319.SZ,20091211,,stockuni_new,2025-06-24 16:59:40.394478
918,002320.SZ,20091216,,stockuni_new,2025-06-24 16:59:40.394478
919,002321.SZ,20091216,,stockuni_new,2025-06-24 16:59:40.394478
920,002322.SZ,20091218,,stockuni_new,2025-06-24 16:59:40.394478
921,002323.SZ,20091218,,stockuni_new,2025-06-24 16:59:40.394478
922,002324.SZ,20091218,,stockuni_new,2025-06-24 16:59:40.394478
923,002325.SZ,20091222,20240815.0,stockuni_new,2025-06-24 16:59:40.394478
924,002326.SZ,20091222,,stockuni_new,2025-06-24 16:59:40.394478
925,002327.SZ,20091230,,stockuni_new,2025-06-24 16:59:40.394478
926,002328.SZ,20091230,,stockuni_new,2025-06-24 16:59:40.394478
927,002329.SZ,20100106,,stockuni_new,2025-06-24 16:59:40.394478
928,002330.SZ,20100106,,stockuni_new,2025-06-24 16:59:40.394478
929,002331.SZ,20100106,,stockuni_new,2025-06-24 16:59:40.394478
930,002332.SZ,20100112,,stockuni_new,2025-06-24 16:59:40.394478
931,002333.SZ,20100112,,stockuni_new,2025-06-24 16:59:40.394478
932,002334.SZ,20100113,,stockuni_new,2025-06-24 16:59:40.394478
933,002335.SZ,20100113,,stockuni_new,2025-06-24 16:59:40.394478
934,002336.SZ,20100113,,stockuni_new,2025-06-24 16:59:40.394478
935,002337.SZ,20100115,,stockuni_new,2025-06-24 16:59:40.394478
936,002338.SZ,20100115,,stockuni_new,2025-06-24 16:59:40.394478
937,002339.SZ,20100122,,stockuni_new,2025-06-24 16:59:40.394478
938,002340.SZ,20100122,,stockuni_new,2025-06-24 16:59:40.394478
939,002341.SZ,20100122,20240823.0,stockuni_new,2025-06-24 16:59:40.394478
940,002342.SZ,20100126,,stockuni_new,2025-06-24 16:59:40.394478
941,002343.SZ,20100126,,stockuni_new,2025-06-24 16:59:40.394478
942,002344.SZ,20100126,,stockuni_new,2025-06-24 16:59:40.394478
943,002345.SZ,20100128,,stockuni_new,2025-06-24 16:59:40.394478
944,002346.SZ,20100128,,stockuni_new,2025-06-24 16:59:40.394478
945,002347.SZ,20100128,,stockuni_new,2025-06-24 16:59:40.394478
946,002348.SZ,20100203,,stockuni_new,2025-06-24 16:59:40.394478
947,002349.SZ,20100203,,stockuni_new,2025-06-24 16:59:40.394478
948,002350.SZ,20100203,,stockuni_new,2025-06-24 16:59:40.394478
949,002351.SZ,20100205,,stockuni_new,2025-06-24 16:59:40.394478
950,002352.SZ,20100205,,stockuni_new,2025-06-24 16:59:40.394478
951,002353.SZ,20100205,,stockuni_new,2025-06-24 16:59:40.394478
952,002354.SZ,20100209,,stockuni_new,2025-06-24 16:59:40.394478
953,002355.SZ,20100209,,stockuni_new,2025-06-24 16:59:40.394478
954,002356.SZ,20100209,,stockuni_new,2025-06-24 16:59:40.394478
955,002357.SZ,20100210,,stockuni_new,2025-06-24 16:59:40.394478
956,002358.SZ,20100210,,stockuni_new,2025-06-24 16:59:40.394478
957,002359.SZ,20100210,20210723.0,stockuni_new,2025-06-24 16:59:40.394478
958,002360.SZ,20100303,,stockuni_new,2025-06-24 16:59:40.394478
959,002361.SZ,20100303,,stockuni_new,2025-06-24 16:59:40.394478
960,002362.SZ,20100303,,stockuni_new,2025-06-24 16:59:40.394478
961,002363.SZ,20100305,,stockuni_new,2025-06-24 16:59:40.394478
962,002364.SZ,20100305,,stockuni_new,2025-06-24 16:59:40.394478
963,002365.SZ,20100305,,stockuni_new,2025-06-24 16:59:40.394478
964,002366.SZ,20100312,,stockuni_new,2025-06-24 16:59:40.394478
965,002367.SZ,20100312,,stockuni_new,2025-06-24 16:59:40.394478
966,002368.SZ,20100312,,stockuni_new,2025-06-24 16:59:40.394478
967,002369.SZ,20100316,,stockuni_new,2025-06-24 16:59:40.394478
968,002370.SZ,20100316,,stockuni_new,2025-06-24 16:59:40.394478
969,002371.SZ,20100316,,stockuni_new,2025-06-24 16:59:40.394478
970,002372.SZ,20100318,,stockuni_new,2025-06-24 16:59:40.394478
971,002373.SZ,20100318,,stockuni_new,2025-06-24 16:59:40.394478
972,002374.SZ,20100318,,stockuni_new,2025-06-24 16:59:40.394478
973,002375.SZ,20100323,,stockuni_new,2025-06-24 16:59:40.394478
974,002376.SZ,20100323,,stockuni_new,2025-06-24 16:59:40.394478
975,002377.SZ,20100323,,stockuni_new,2025-06-24 16:59:40.394478
976,002378.SZ,20100331,,stockuni_new,2025-06-24 16:59:40.394478
977,002379.SZ,20100331,,stockuni_new,2025-06-24 16:59:40.394478
978,002380.SZ,20100331,,stockuni_new,2025-06-24 16:59:40.394478
979,002381.SZ,20100402,,stockuni_new,2025-06-24 16:59:40.394478
980,002382.SZ,20100402,,stockuni_new,2025-06-24 16:59:40.394478
981,002383.SZ,20100402,,stockuni_new,2025-06-24 16:59:40.394478
982,002384.SZ,20100409,,stockuni_new,2025-06-24 16:59:40.394478
983,002385.SZ,20100409,,stockuni_new,2025-06-24 16:59:40.394478
984,002386.SZ,20100409,,stockuni_new,2025-06-24 16:59:40.394478
985,002387.SZ,20100413,,stockuni_new,2025-06-24 16:59:40.394478
986,002388.SZ,20100413,,stockuni_new,2025-06-24 16:59:40.394478
987,002389.SZ,20100413,,stockuni_new,2025-06-24 16:59:40.394478
988,002390.SZ,20100416,,stockuni_new,2025-06-24 16:59:40.394478
989,002391.SZ,20100416,,stockuni_new,2025-06-24 16:59:40.394478
990,002392.SZ,20100423,,stockuni_new,2025-06-24 16:59:40.394478
991,002393.SZ,20100423,,stockuni_new,2025-06-24 16:59:40.394478
992,002394.SZ,20100423,,stockuni_new,2025-06-24 16:59:40.394478
993,002395.SZ,20100429,,stockuni_new,2025-06-24 16:59:40.394478
994,002396.SZ,20100623,,stockuni_new,2025-06-24 16:59:40.394478
995,002397.SZ,20100429,,stockuni_new,2025-06-24 16:59:40.394478
996,002398.SZ,20100506,,stockuni_new,2025-06-24 16:59:40.394478
997,002399.SZ,20100506,,stockuni_new,2025-06-24 16:59:40.394478
998,002400.SZ,20100506,,stockuni_new,2025-06-24 16:59:40.394478
999,002401.SZ,20100506,,stockuni_new,2025-06-24 16:59:40.394478
